Prompt_ID,Response_Label,Layer_ID,Token_Step,State_ID
140,1,10,0,3
140,1,10,1,3
140,1,10,2,3
140,1,10,3,3
140,1,10,4,3
140,1,10,5,3
140,1,10,6,3
140,1,10,7,3
140,1,10,8,3
140,1,10,9,3
140,1,10,10,3
140,1,10,11,3
140,1,10,12,3
140,1,10,13,3
140,1,10,14,3
140,1,10,15,3
140,1,10,16,3
140,1,10,17,3
140,1,10,18,3
140,1,10,19,3
140,1,10,20,3
140,1,10,21,3
140,1,10,22,3
140,1,10,23,3
140,1,10,24,3
140,1,10,25,3
140,1,10,26,3
140,1,10,27,3
140,1,10,28,3
140,1,10,29,3
140,1,10,30,3
140,1,10,31,3
140,1,10,32,3
140,1,10,33,3
140,1,10,34,3
140,1,10,35,3
140,1,10,36,3
140,1,10,37,3
140,1,10,38,3
140,1,10,39,3
140,1,10,40,3
140,1,10,41,3
140,1,10,42,3
140,1,10,43,3
140,1,10,44,3
140,1,10,45,3
140,1,10,46,3
140,1,10,47,3
140,1,10,48,3
140,1,10,49,3
140,1,18,0,3
140,1,18,1,3
140,1,18,2,3
140,1,18,3,3
140,1,18,4,3
140,1,18,5,3
140,1,18,6,3
140,1,18,7,3
140,1,18,8,3
140,1,18,9,3
140,1,18,10,3
140,1,18,11,3
140,1,18,12,3
140,1,18,13,3
140,1,18,14,3
140,1,18,15,3
140,1,18,16,3
140,1,18,17,3
140,1,18,18,3
140,1,18,19,3
140,1,18,20,3
140,1,18,21,3
140,1,18,22,3
140,1,18,23,3
140,1,18,24,3
140,1,18,25,3
140,1,18,26,3
140,1,18,27,3
140,1,18,28,3
140,1,18,29,3
140,1,18,30,3
140,1,18,31,3
140,1,18,32,3
140,1,18,33,3
140,1,18,34,3
140,1,18,35,3
140,1,18,36,3
140,1,18,37,3
140,1,18,38,3
140,1,18,39,3
140,1,18,40,3
140,1,18,41,3
140,1,18,42,3
140,1,18,43,3
140,1,18,44,3
140,1,18,45,3
140,1,18,46,3
140,1,18,47,3
140,1,18,48,3
140,1,18,49,3
140,1,26,0,4
140,1,26,1,4
140,1,26,2,4
140,1,26,3,0
140,1,26,4,0
140,1,26,5,0
140,1,26,6,0
140,1,26,7,0
140,1,26,8,0
140,1,26,9,0
140,1,26,10,0
140,1,26,11,0
140,1,26,12,0
140,1,26,13,0
140,1,26,14,4
140,1,26,15,0
140,1,26,16,0
140,1,26,17,0
140,1,26,18,4
140,1,26,19,4
140,1,26,20,0
140,1,26,21,4
140,1,26,22,0
140,1,26,23,0
140,1,26,24,4
140,1,26,25,4
140,1,26,26,0
140,1,26,27,0
140,1,26,28,4
140,1,26,29,4
140,1,26,30,4
140,1,26,31,3
140,1,26,32,4
140,1,26,33,0
140,1,26,34,4
140,1,26,35,0
140,1,26,36,4
140,1,26,37,0
140,1,26,38,0
140,1,26,39,4
140,1,26,40,4
140,1,26,41,4
140,1,26,42,0
140,1,26,43,4
140,1,26,44,4
140,1,26,45,4
140,1,26,46,4
140,1,26,47,0
140,1,26,48,9
140,1,26,49,10
646,0,10,0,3
646,0,10,1,3
646,0,10,2,3
646,0,10,3,3
646,0,10,4,3
646,0,10,5,3
646,0,10,6,3
646,0,10,7,3
646,0,10,8,3
646,0,10,9,3
646,0,10,10,3
646,0,10,11,3
646,0,10,12,3
646,0,10,13,3
646,0,10,14,3
646,0,10,15,3
646,0,10,16,3
646,0,10,17,3
646,0,10,18,3
646,0,10,19,3
646,0,10,20,3
646,0,10,21,3
646,0,10,22,3
646,0,10,23,3
646,0,10,24,3
646,0,10,25,3
646,0,10,26,3
646,0,10,27,3
646,0,10,28,3
646,0,10,29,3
646,0,10,30,3
646,0,10,31,3
646,0,10,32,3
646,0,10,33,3
646,0,10,34,3
646,0,10,35,3
646,0,10,36,3
646,0,10,37,3
646,0,10,38,3
646,0,10,39,3
646,0,10,40,3
646,0,10,41,3
646,0,10,42,3
646,0,10,43,3
646,0,10,44,3
646,0,10,45,3
646,0,10,46,3
646,0,10,47,3
646,0,10,48,3
646,0,10,49,3
646,0,10,50,3
646,0,10,51,3
646,0,10,52,3
646,0,10,53,3
646,0,10,54,3
646,0,10,55,3
646,0,10,56,3
646,0,10,57,3
646,0,10,58,3
646,0,10,59,3
646,0,10,60,3
646,0,10,61,3
646,0,10,62,3
646,0,10,63,3
646,0,10,64,3
646,0,10,65,3
646,0,10,66,3
646,0,10,67,3
646,0,10,68,3
646,0,10,69,3
646,0,10,70,3
646,0,10,71,3
646,0,10,72,3
646,0,10,73,3
646,0,10,74,3
646,0,10,75,3
646,0,10,76,3
646,0,10,77,3
646,0,10,78,3
646,0,10,79,3
646,0,18,0,3
646,0,18,1,3
646,0,18,2,3
646,0,18,3,3
646,0,18,4,3
646,0,18,5,3
646,0,18,6,3
646,0,18,7,3
646,0,18,8,3
646,0,18,9,3
646,0,18,10,3
646,0,18,11,3
646,0,18,12,3
646,0,18,13,3
646,0,18,14,3
646,0,18,15,3
646,0,18,16,3
646,0,18,17,3
646,0,18,18,3
646,0,18,19,3
646,0,18,20,3
646,0,18,21,3
646,0,18,22,3
646,0,18,23,3
646,0,18,24,3
646,0,18,25,3
646,0,18,26,3
646,0,18,27,3
646,0,18,28,3
646,0,18,29,3
646,0,18,30,3
646,0,18,31,3
646,0,18,32,3
646,0,18,33,3
646,0,18,34,3
646,0,18,35,3
646,0,18,36,3
646,0,18,37,3
646,0,18,38,3
646,0,18,39,3
646,0,18,40,3
646,0,18,41,3
646,0,18,42,3
646,0,18,43,3
646,0,18,44,3
646,0,18,45,3
646,0,18,46,3
646,0,18,47,3
646,0,18,48,3
646,0,18,49,3
646,0,18,50,3
646,0,18,51,3
646,0,18,52,3
646,0,18,53,3
646,0,18,54,3
646,0,18,55,3
646,0,18,56,3
646,0,18,57,3
646,0,18,58,3
646,0,18,59,3
646,0,18,60,3
646,0,18,61,3
646,0,18,62,3
646,0,18,63,3
646,0,18,64,3
646,0,18,65,3
646,0,18,66,3
646,0,18,67,3
646,0,18,68,3
646,0,18,69,3
646,0,18,70,3
646,0,18,71,3
646,0,18,72,3
646,0,18,73,3
646,0,18,74,3
646,0,18,75,3
646,0,18,76,3
646,0,18,77,3
646,0,18,78,3
646,0,18,79,3
646,0,26,0,11
646,0,26,1,11
646,0,26,2,11
646,0,26,3,11
646,0,26,4,11
646,0,26,5,11
646,0,26,6,11
646,0,26,7,11
646,0,26,8,11
646,0,26,9,11
646,0,26,10,11
646,0,26,11,11
646,0,26,12,11
646,0,26,13,11
646,0,26,14,11
646,0,26,15,11
646,0,26,16,11
646,0,26,17,11
646,0,26,18,11
646,0,26,19,11
646,0,26,20,0
646,0,26,21,11
646,0,26,22,11
646,0,26,23,11
646,0,26,24,11
646,0,26,25,0
646,0,26,26,11
646,0,26,27,11
646,0,26,28,11
646,0,26,29,11
646,0,26,30,11
646,0,26,31,11
646,0,26,32,11
646,0,26,33,11
646,0,26,34,0
646,0,26,35,11
646,0,26,36,0
646,0,26,37,0
646,0,26,38,3
646,0,26,39,11
646,0,26,40,11
646,0,26,41,0
646,0,26,42,11
646,0,26,43,11
646,0,26,44,11
646,0,26,45,11
646,0,26,46,11
646,0,26,47,11
646,0,26,48,11
646,0,26,49,11
646,0,26,50,11
646,0,26,51,11
646,0,26,52,11
646,0,26,53,3
646,0,26,54,0
646,0,26,55,11
646,0,26,56,11
646,0,26,57,11
646,0,26,58,11
646,0,26,59,11
646,0,26,60,0
646,0,26,61,0
646,0,26,62,11
646,0,26,63,0
646,0,26,64,11
646,0,26,65,11
646,0,26,66,11
646,0,26,67,11
646,0,26,68,11
646,0,26,69,11
646,0,26,70,11
646,0,26,71,11
646,0,26,72,11
646,0,26,73,11
646,0,26,74,0
646,0,26,75,0
646,0,26,76,11
646,0,26,77,11
646,0,26,78,11
646,0,26,79,11
507,0,10,0,3
507,0,10,1,3
507,0,10,2,3
507,0,10,3,3
507,0,10,4,3
507,0,10,5,3
507,0,10,6,3
507,0,10,7,3
507,0,10,8,3
507,0,10,9,3
507,0,10,10,3
507,0,10,11,3
507,0,10,12,3
507,0,10,13,3
507,0,10,14,3
507,0,10,15,3
507,0,10,16,3
507,0,10,17,3
507,0,10,18,3
507,0,10,19,3
507,0,10,20,3
507,0,10,21,3
507,0,10,22,3
507,0,10,23,3
507,0,10,24,3
507,0,10,25,3
507,0,10,26,3
507,0,10,27,3
507,0,10,28,3
507,0,10,29,3
507,0,10,30,3
507,0,10,31,3
507,0,10,32,3
507,0,10,33,3
507,0,10,34,3
507,0,10,35,3
507,0,10,36,3
507,0,10,37,3
507,0,10,38,3
507,0,10,39,3
507,0,10,40,3
507,0,10,41,3
507,0,10,42,3
507,0,10,43,3
507,0,10,44,3
507,0,10,45,3
507,0,10,46,3
507,0,10,47,3
507,0,10,48,3
507,0,10,49,3
507,0,10,50,3
507,0,10,51,3
507,0,18,0,3
507,0,18,1,3
507,0,18,2,3
507,0,18,3,3
507,0,18,4,3
507,0,18,5,3
507,0,18,6,3
507,0,18,7,3
507,0,18,8,3
507,0,18,9,3
507,0,18,10,3
507,0,18,11,3
507,0,18,12,3
507,0,18,13,3
507,0,18,14,3
507,0,18,15,3
507,0,18,16,3
507,0,18,17,3
507,0,18,18,3
507,0,18,19,3
507,0,18,20,3
507,0,18,21,3
507,0,18,22,3
507,0,18,23,3
507,0,18,24,3
507,0,18,25,3
507,0,18,26,3
507,0,18,27,3
507,0,18,28,3
507,0,18,29,3
507,0,18,30,3
507,0,18,31,3
507,0,18,32,3
507,0,18,33,3
507,0,18,34,3
507,0,18,35,3
507,0,18,36,3
507,0,18,37,3
507,0,18,38,3
507,0,18,39,3
507,0,18,40,3
507,0,18,41,3
507,0,18,42,3
507,0,18,43,3
507,0,18,44,3
507,0,18,45,3
507,0,18,46,3
507,0,18,47,3
507,0,18,48,3
507,0,18,49,3
507,0,18,50,3
507,0,18,51,3
507,0,26,0,2
507,0,26,1,9
507,0,26,2,2
507,0,26,3,2
507,0,26,4,2
507,0,26,5,2
507,0,26,6,2
507,0,26,7,2
507,0,26,8,2
507,0,26,9,2
507,0,26,10,2
507,0,26,11,2
507,0,26,12,0
507,0,26,13,2
507,0,26,14,2
507,0,26,15,0
507,0,26,16,2
507,0,26,17,2
507,0,26,18,2
507,0,26,19,2
507,0,26,20,2
507,0,26,21,2
507,0,26,22,2
507,0,26,23,9
507,0,26,24,2
507,0,26,25,2
507,0,26,26,2
507,0,26,27,2
507,0,26,28,2
507,0,26,29,2
507,0,26,30,2
507,0,26,31,2
507,0,26,32,2
507,0,26,33,2
507,0,26,34,2
507,0,26,35,2
507,0,26,36,2
507,0,26,37,2
507,0,26,38,2
507,0,26,39,2
507,0,26,40,2
507,0,26,41,2
507,0,26,42,2
507,0,26,43,2
507,0,26,44,2
507,0,26,45,2
507,0,26,46,0
507,0,26,47,2
507,0,26,48,2
507,0,26,49,0
507,0,26,50,9
507,0,26,51,10
265,1,10,0,3
265,1,10,1,3
265,1,10,2,3
265,1,10,3,3
265,1,10,4,3
265,1,10,5,3
265,1,10,6,3
265,1,10,7,3
265,1,10,8,3
265,1,10,9,3
265,1,10,10,3
265,1,10,11,3
265,1,10,12,3
265,1,10,13,3
265,1,10,14,3
265,1,10,15,3
265,1,10,16,3
265,1,10,17,3
265,1,10,18,3
265,1,10,19,3
265,1,10,20,3
265,1,10,21,3
265,1,10,22,3
265,1,10,23,3
265,1,10,24,3
265,1,10,25,3
265,1,10,26,3
265,1,10,27,3
265,1,10,28,3
265,1,10,29,3
265,1,10,30,3
265,1,10,31,3
265,1,10,32,3
265,1,10,33,3
265,1,10,34,3
265,1,10,35,3
265,1,10,36,3
265,1,10,37,3
265,1,10,38,3
265,1,10,39,3
265,1,10,40,3
265,1,10,41,3
265,1,10,42,3
265,1,10,43,3
265,1,10,44,3
265,1,10,45,3
265,1,10,46,3
265,1,10,47,3
265,1,10,48,3
265,1,10,49,3
265,1,10,50,3
265,1,10,51,3
265,1,10,52,3
265,1,10,53,3
265,1,10,54,3
265,1,18,0,3
265,1,18,1,3
265,1,18,2,3
265,1,18,3,3
265,1,18,4,3
265,1,18,5,3
265,1,18,6,3
265,1,18,7,3
265,1,18,8,3
265,1,18,9,3
265,1,18,10,3
265,1,18,11,3
265,1,18,12,3
265,1,18,13,3
265,1,18,14,3
265,1,18,15,3
265,1,18,16,3
265,1,18,17,3
265,1,18,18,3
265,1,18,19,3
265,1,18,20,3
265,1,18,21,3
265,1,18,22,3
265,1,18,23,3
265,1,18,24,3
265,1,18,25,3
265,1,18,26,3
265,1,18,27,3
265,1,18,28,3
265,1,18,29,3
265,1,18,30,3
265,1,18,31,3
265,1,18,32,3
265,1,18,33,3
265,1,18,34,3
265,1,18,35,3
265,1,18,36,3
265,1,18,37,3
265,1,18,38,3
265,1,18,39,3
265,1,18,40,3
265,1,18,41,3
265,1,18,42,3
265,1,18,43,3
265,1,18,44,3
265,1,18,45,3
265,1,18,46,3
265,1,18,47,3
265,1,18,48,3
265,1,18,49,3
265,1,18,50,3
265,1,18,51,3
265,1,18,52,3
265,1,18,53,3
265,1,18,54,3
265,1,26,0,8
265,1,26,1,8
265,1,26,2,8
265,1,26,3,4
265,1,26,4,8
265,1,26,5,8
265,1,26,6,8
265,1,26,7,8
265,1,26,8,8
265,1,26,9,8
265,1,26,10,8
265,1,26,11,8
265,1,26,12,8
265,1,26,13,8
265,1,26,14,8
265,1,26,15,8
265,1,26,16,8
265,1,26,17,8
265,1,26,18,8
265,1,26,19,8
265,1,26,20,8
265,1,26,21,8
265,1,26,22,8
265,1,26,23,8
265,1,26,24,8
265,1,26,25,8
265,1,26,26,8
265,1,26,27,8
265,1,26,28,8
265,1,26,29,8
265,1,26,30,9
265,1,26,31,8
265,1,26,32,8
265,1,26,33,8
265,1,26,34,8
265,1,26,35,8
265,1,26,36,8
265,1,26,37,8
265,1,26,38,8
265,1,26,39,0
265,1,26,40,8
265,1,26,41,8
265,1,26,42,8
265,1,26,43,0
265,1,26,44,9
265,1,26,45,8
265,1,26,46,4
265,1,26,47,0
265,1,26,48,4
265,1,26,49,0
265,1,26,50,4
265,1,26,51,4
265,1,26,52,0
265,1,26,53,9
265,1,26,54,10
785,0,10,0,3
785,0,10,1,3
785,0,10,2,3
785,0,10,3,3
785,0,10,4,3
785,0,10,5,3
785,0,10,6,3
785,0,10,7,3
785,0,10,8,3
785,0,10,9,3
785,0,10,10,3
785,0,10,11,3
785,0,10,12,3
785,0,10,13,3
785,0,10,14,3
785,0,10,15,3
785,0,10,16,3
785,0,10,17,3
785,0,10,18,3
785,0,10,19,3
785,0,10,20,3
785,0,10,21,3
785,0,10,22,3
785,0,10,23,3
785,0,10,24,3
785,0,10,25,3
785,0,10,26,3
785,0,10,27,3
785,0,10,28,3
785,0,10,29,3
785,0,10,30,3
785,0,10,31,3
785,0,10,32,3
785,0,10,33,3
785,0,10,34,3
785,0,10,35,3
785,0,10,36,3
785,0,10,37,3
785,0,10,38,3
785,0,10,39,3
785,0,10,40,3
785,0,10,41,3
785,0,10,42,3
785,0,10,43,3
785,0,10,44,3
785,0,10,45,3
785,0,10,46,3
785,0,10,47,3
785,0,10,48,3
785,0,10,49,3
785,0,10,50,3
785,0,10,51,3
785,0,10,52,3
785,0,10,53,3
785,0,10,54,3
785,0,10,55,3
785,0,10,56,3
785,0,10,57,3
785,0,10,58,3
785,0,10,59,3
785,0,10,60,3
785,0,10,61,3
785,0,10,62,3
785,0,10,63,3
785,0,10,64,3
785,0,10,65,3
785,0,10,66,3
785,0,18,0,3
785,0,18,1,3
785,0,18,2,3
785,0,18,3,3
785,0,18,4,3
785,0,18,5,3
785,0,18,6,3
785,0,18,7,3
785,0,18,8,3
785,0,18,9,3
785,0,18,10,3
785,0,18,11,3
785,0,18,12,3
785,0,18,13,3
785,0,18,14,3
785,0,18,15,3
785,0,18,16,3
785,0,18,17,3
785,0,18,18,3
785,0,18,19,3
785,0,18,20,3
785,0,18,21,3
785,0,18,22,3
785,0,18,23,3
785,0,18,24,3
785,0,18,25,3
785,0,18,26,3
785,0,18,27,3
785,0,18,28,3
785,0,18,29,3
785,0,18,30,3
785,0,18,31,3
785,0,18,32,3
785,0,18,33,3
785,0,18,34,3
785,0,18,35,3
785,0,18,36,3
785,0,18,37,3
785,0,18,38,3
785,0,18,39,3
785,0,18,40,3
785,0,18,41,3
785,0,18,42,3
785,0,18,43,3
785,0,18,44,3
785,0,18,45,3
785,0,18,46,3
785,0,18,47,3
785,0,18,48,3
785,0,18,49,3
785,0,18,50,3
785,0,18,51,3
785,0,18,52,3
785,0,18,53,3
785,0,18,54,3
785,0,18,55,3
785,0,18,56,3
785,0,18,57,3
785,0,18,58,3
785,0,18,59,3
785,0,18,60,3
785,0,18,61,3
785,0,18,62,3
785,0,18,63,3
785,0,18,64,3
785,0,18,65,3
785,0,18,66,3
785,0,26,0,0
785,0,26,1,0
785,0,26,2,0
785,0,26,3,0
785,0,26,4,0
785,0,26,5,0
785,0,26,6,0
785,0,26,7,0
785,0,26,8,0
785,0,26,9,0
785,0,26,10,0
785,0,26,11,0
785,0,26,12,0
785,0,26,13,0
785,0,26,14,0
785,0,26,15,0
785,0,26,16,0
785,0,26,17,0
785,0,26,18,0
785,0,26,19,0
785,0,26,20,0
785,0,26,21,0
785,0,26,22,0
785,0,26,23,0
785,0,26,24,0
785,0,26,25,2
785,0,26,26,0
785,0,26,27,9
785,0,26,28,0
785,0,26,29,0
785,0,26,30,0
785,0,26,31,0
785,0,26,32,0
785,0,26,33,0
785,0,26,34,0
785,0,26,35,2
785,0,26,36,0
785,0,26,37,0
785,0,26,38,0
785,0,26,39,0
785,0,26,40,9
785,0,26,41,0
785,0,26,42,0
785,0,26,43,0
785,0,26,44,0
785,0,26,45,0
785,0,26,46,0
785,0,26,47,0
785,0,26,48,0
785,0,26,49,0
785,0,26,50,0
785,0,26,51,0
785,0,26,52,0
785,0,26,53,0
785,0,26,54,0
785,0,26,55,0
785,0,26,56,0
785,0,26,57,0
785,0,26,58,0
785,0,26,59,0
785,0,26,60,0
785,0,26,61,0
785,0,26,62,0
785,0,26,63,0
785,0,26,64,0
785,0,26,65,9
785,0,26,66,10
516,0,10,0,3
516,0,10,1,3
516,0,10,2,3
516,0,10,3,3
516,0,10,4,3
516,0,10,5,3
516,0,10,6,3
516,0,10,7,3
516,0,10,8,3
516,0,10,9,3
516,0,10,10,3
516,0,10,11,3
516,0,10,12,3
516,0,10,13,3
516,0,10,14,3
516,0,10,15,3
516,0,10,16,3
516,0,10,17,3
516,0,10,18,3
516,0,10,19,3
516,0,10,20,3
516,0,10,21,3
516,0,10,22,3
516,0,10,23,3
516,0,10,24,3
516,0,10,25,3
516,0,10,26,3
516,0,10,27,3
516,0,10,28,3
516,0,10,29,3
516,0,10,30,3
516,0,10,31,3
516,0,10,32,3
516,0,10,33,3
516,0,10,34,3
516,0,10,35,3
516,0,10,36,3
516,0,18,0,3
516,0,18,1,3
516,0,18,2,3
516,0,18,3,3
516,0,18,4,3
516,0,18,5,3
516,0,18,6,3
516,0,18,7,3
516,0,18,8,3
516,0,18,9,3
516,0,18,10,3
516,0,18,11,3
516,0,18,12,3
516,0,18,13,3
516,0,18,14,3
516,0,18,15,3
516,0,18,16,3
516,0,18,17,3
516,0,18,18,3
516,0,18,19,3
516,0,18,20,3
516,0,18,21,3
516,0,18,22,3
516,0,18,23,3
516,0,18,24,3
516,0,18,25,3
516,0,18,26,3
516,0,18,27,3
516,0,18,28,3
516,0,18,29,3
516,0,18,30,3
516,0,18,31,3
516,0,18,32,3
516,0,18,33,3
516,0,18,34,3
516,0,18,35,3
516,0,18,36,3
516,0,26,0,2
516,0,26,1,9
516,0,26,2,2
516,0,26,3,2
516,0,26,4,2
516,0,26,5,2
516,0,26,6,2
516,0,26,7,2
516,0,26,8,2
516,0,26,9,2
516,0,26,10,2
516,0,26,11,2
516,0,26,12,2
516,0,26,13,2
516,0,26,14,2
516,0,26,15,2
516,0,26,16,2
516,0,26,17,2
516,0,26,18,2
516,0,26,19,9
516,0,26,20,0
516,0,26,21,2
516,0,26,22,2
516,0,26,23,2
516,0,26,24,2
516,0,26,25,2
516,0,26,26,2
516,0,26,27,2
516,0,26,28,0
516,0,26,29,2
516,0,26,30,2
516,0,26,31,0
516,0,26,32,2
516,0,26,33,2
516,0,26,34,0
516,0,26,35,9
516,0,26,36,10
487,1,10,0,3
487,1,10,1,3
487,1,10,2,3
487,1,10,3,3
487,1,10,4,3
487,1,10,5,3
487,1,10,6,3
487,1,10,7,3
487,1,10,8,3
487,1,10,9,3
487,1,10,10,3
487,1,10,11,3
487,1,10,12,3
487,1,10,13,3
487,1,10,14,3
487,1,10,15,3
487,1,10,16,3
487,1,10,17,3
487,1,10,18,3
487,1,10,19,3
487,1,10,20,3
487,1,10,21,3
487,1,10,22,3
487,1,10,23,3
487,1,10,24,3
487,1,10,25,3
487,1,10,26,3
487,1,10,27,3
487,1,10,28,3
487,1,10,29,3
487,1,10,30,3
487,1,10,31,3
487,1,10,32,3
487,1,10,33,3
487,1,10,34,3
487,1,10,35,3
487,1,10,36,3
487,1,10,37,3
487,1,10,38,3
487,1,10,39,3
487,1,10,40,3
487,1,10,41,3
487,1,10,42,3
487,1,10,43,3
487,1,10,44,3
487,1,10,45,3
487,1,10,46,3
487,1,10,47,3
487,1,10,48,3
487,1,10,49,3
487,1,10,50,3
487,1,10,51,3
487,1,10,52,3
487,1,10,53,3
487,1,10,54,3
487,1,10,55,3
487,1,10,56,3
487,1,10,57,3
487,1,10,58,3
487,1,10,59,3
487,1,10,60,3
487,1,10,61,3
487,1,10,62,3
487,1,10,63,3
487,1,10,64,3
487,1,10,65,3
487,1,10,66,3
487,1,10,67,3
487,1,10,68,3
487,1,10,69,3
487,1,10,70,3
487,1,10,71,3
487,1,10,72,3
487,1,10,73,3
487,1,10,74,3
487,1,10,75,3
487,1,10,76,3
487,1,10,77,3
487,1,10,78,3
487,1,10,79,3
487,1,18,0,3
487,1,18,1,3
487,1,18,2,3
487,1,18,3,3
487,1,18,4,3
487,1,18,5,3
487,1,18,6,3
487,1,18,7,3
487,1,18,8,3
487,1,18,9,3
487,1,18,10,3
487,1,18,11,3
487,1,18,12,3
487,1,18,13,3
487,1,18,14,3
487,1,18,15,3
487,1,18,16,3
487,1,18,17,3
487,1,18,18,3
487,1,18,19,3
487,1,18,20,3
487,1,18,21,3
487,1,18,22,3
487,1,18,23,3
487,1,18,24,3
487,1,18,25,3
487,1,18,26,3
487,1,18,27,3
487,1,18,28,3
487,1,18,29,3
487,1,18,30,3
487,1,18,31,3
487,1,18,32,3
487,1,18,33,3
487,1,18,34,3
487,1,18,35,3
487,1,18,36,3
487,1,18,37,3
487,1,18,38,3
487,1,18,39,3
487,1,18,40,3
487,1,18,41,3
487,1,18,42,3
487,1,18,43,3
487,1,18,44,3
487,1,18,45,3
487,1,18,46,3
487,1,18,47,3
487,1,18,48,3
487,1,18,49,3
487,1,18,50,3
487,1,18,51,3
487,1,18,52,3
487,1,18,53,3
487,1,18,54,3
487,1,18,55,3
487,1,18,56,3
487,1,18,57,3
487,1,18,58,3
487,1,18,59,3
487,1,18,60,3
487,1,18,61,3
487,1,18,62,3
487,1,18,63,3
487,1,18,64,3
487,1,18,65,3
487,1,18,66,3
487,1,18,67,3
487,1,18,68,3
487,1,18,69,3
487,1,18,70,3
487,1,18,71,3
487,1,18,72,3
487,1,18,73,3
487,1,18,74,3
487,1,18,75,3
487,1,18,76,3
487,1,18,77,3
487,1,18,78,3
487,1,18,79,3
487,1,26,0,7
487,1,26,1,7
487,1,26,2,7
487,1,26,3,7
487,1,26,4,0
487,1,26,5,4
487,1,26,6,0
487,1,26,7,0
487,1,26,8,0
487,1,26,9,0
487,1,26,10,0
487,1,26,11,3
487,1,26,12,7
487,1,26,13,7
487,1,26,14,7
487,1,26,15,7
487,1,26,16,7
487,1,26,17,7
487,1,26,18,7
487,1,26,19,7
487,1,26,20,7
487,1,26,21,7
487,1,26,22,7
487,1,26,23,7
487,1,26,24,7
487,1,26,25,7
487,1,26,26,7
487,1,26,27,3
487,1,26,28,0
487,1,26,29,7
487,1,26,30,7
487,1,26,31,7
487,1,26,32,7
487,1,26,33,7
487,1,26,34,7
487,1,26,35,7
487,1,26,36,7
487,1,26,37,7
487,1,26,38,7
487,1,26,39,7
487,1,26,40,7
487,1,26,41,7
487,1,26,42,7
487,1,26,43,7
487,1,26,44,7
487,1,26,45,7
487,1,26,46,7
487,1,26,47,7
487,1,26,48,7
487,1,26,49,3
487,1,26,50,0
487,1,26,51,7
487,1,26,52,7
487,1,26,53,7
487,1,26,54,7
487,1,26,55,7
487,1,26,56,7
487,1,26,57,7
487,1,26,58,7
487,1,26,59,7
487,1,26,60,7
487,1,26,61,7
487,1,26,62,7
487,1,26,63,7
487,1,26,64,7
487,1,26,65,7
487,1,26,66,7
487,1,26,67,7
487,1,26,68,7
487,1,26,69,7
487,1,26,70,7
487,1,26,71,7
487,1,26,72,7
487,1,26,73,7
487,1,26,74,7
487,1,26,75,3
487,1,26,76,0
487,1,26,77,7
487,1,26,78,7
487,1,26,79,0
276,1,10,0,3
276,1,10,1,3
276,1,10,2,3
276,1,10,3,3
276,1,10,4,3
276,1,10,5,3
276,1,10,6,3
276,1,10,7,3
276,1,10,8,3
276,1,10,9,3
276,1,10,10,3
276,1,10,11,3
276,1,10,12,3
276,1,10,13,3
276,1,10,14,3
276,1,10,15,3
276,1,10,16,3
276,1,10,17,3
276,1,10,18,3
276,1,10,19,3
276,1,10,20,3
276,1,10,21,3
276,1,10,22,3
276,1,10,23,3
276,1,10,24,3
276,1,10,25,3
276,1,10,26,3
276,1,10,27,3
276,1,10,28,3
276,1,10,29,3
276,1,10,30,3
276,1,10,31,3
276,1,10,32,3
276,1,10,33,3
276,1,10,34,3
276,1,10,35,3
276,1,10,36,3
276,1,10,37,3
276,1,10,38,3
276,1,10,39,3
276,1,10,40,3
276,1,10,41,3
276,1,10,42,3
276,1,10,43,3
276,1,10,44,3
276,1,10,45,3
276,1,10,46,3
276,1,10,47,3
276,1,10,48,3
276,1,10,49,3
276,1,10,50,3
276,1,10,51,3
276,1,10,52,3
276,1,10,53,3
276,1,10,54,3
276,1,10,55,3
276,1,10,56,3
276,1,10,57,3
276,1,10,58,3
276,1,10,59,3
276,1,10,60,3
276,1,10,61,3
276,1,10,62,3
276,1,18,0,3
276,1,18,1,3
276,1,18,2,3
276,1,18,3,3
276,1,18,4,3
276,1,18,5,3
276,1,18,6,3
276,1,18,7,3
276,1,18,8,3
276,1,18,9,3
276,1,18,10,3
276,1,18,11,3
276,1,18,12,3
276,1,18,13,3
276,1,18,14,3
276,1,18,15,3
276,1,18,16,3
276,1,18,17,3
276,1,18,18,3
276,1,18,19,3
276,1,18,20,3
276,1,18,21,3
276,1,18,22,3
276,1,18,23,3
276,1,18,24,3
276,1,18,25,3
276,1,18,26,3
276,1,18,27,3
276,1,18,28,3
276,1,18,29,3
276,1,18,30,3
276,1,18,31,3
276,1,18,32,3
276,1,18,33,3
276,1,18,34,3
276,1,18,35,3
276,1,18,36,3
276,1,18,37,3
276,1,18,38,3
276,1,18,39,3
276,1,18,40,3
276,1,18,41,3
276,1,18,42,3
276,1,18,43,3
276,1,18,44,3
276,1,18,45,3
276,1,18,46,3
276,1,18,47,3
276,1,18,48,3
276,1,18,49,3
276,1,18,50,3
276,1,18,51,3
276,1,18,52,3
276,1,18,53,3
276,1,18,54,3
276,1,18,55,3
276,1,18,56,3
276,1,18,57,3
276,1,18,58,3
276,1,18,59,3
276,1,18,60,3
276,1,18,61,3
276,1,18,62,3
276,1,26,0,0
276,1,26,1,4
276,1,26,2,4
276,1,26,3,4
276,1,26,4,0
276,1,26,5,0
276,1,26,6,4
276,1,26,7,4
276,1,26,8,0
276,1,26,9,4
276,1,26,10,4
276,1,26,11,0
276,1,26,12,0
276,1,26,13,4
276,1,26,14,0
276,1,26,15,4
276,1,26,16,0
276,1,26,17,4
276,1,26,18,4
276,1,26,19,0
276,1,26,20,4
276,1,26,21,4
276,1,26,22,4
276,1,26,23,0
276,1,26,24,4
276,1,26,25,4
276,1,26,26,0
276,1,26,27,4
276,1,26,28,4
276,1,26,29,4
276,1,26,30,0
276,1,26,31,4
276,1,26,32,0
276,1,26,33,9
276,1,26,34,0
276,1,26,35,4
276,1,26,36,4
276,1,26,37,4
276,1,26,38,4
276,1,26,39,4
276,1,26,40,4
276,1,26,41,4
276,1,26,42,4
276,1,26,43,0
276,1,26,44,0
276,1,26,45,4
276,1,26,46,4
276,1,26,47,4
276,1,26,48,4
276,1,26,49,4
276,1,26,50,0
276,1,26,51,4
276,1,26,52,4
276,1,26,53,4
276,1,26,54,4
276,1,26,55,4
276,1,26,56,0
276,1,26,57,0
276,1,26,58,4
276,1,26,59,4
276,1,26,60,0
276,1,26,61,9
276,1,26,62,10
429,1,10,0,3
429,1,10,1,3
429,1,10,2,3
429,1,10,3,3
429,1,10,4,3
429,1,18,0,3
429,1,18,1,3
429,1,18,2,3
429,1,18,3,3
429,1,18,4,3
429,1,26,0,3
429,1,26,1,3
429,1,26,2,0
429,1,26,3,9
429,1,26,4,10
432,0,10,0,3
432,0,10,1,3
432,0,10,2,3
432,0,10,3,3
432,0,10,4,3
432,0,10,5,3
432,0,10,6,3
432,0,10,7,3
432,0,10,8,3
432,0,10,9,3
432,0,10,10,3
432,0,10,11,3
432,0,10,12,3
432,0,10,13,3
432,0,10,14,3
432,0,10,15,3
432,0,10,16,3
432,0,10,17,3
432,0,10,18,3
432,0,18,0,3
432,0,18,1,3
432,0,18,2,3
432,0,18,3,3
432,0,18,4,3
432,0,18,5,3
432,0,18,6,3
432,0,18,7,3
432,0,18,8,3
432,0,18,9,3
432,0,18,10,3
432,0,18,11,3
432,0,18,12,3
432,0,18,13,3
432,0,18,14,3
432,0,18,15,3
432,0,18,16,3
432,0,18,17,3
432,0,18,18,3
432,0,26,0,9
432,0,26,1,0
432,0,26,2,2
432,0,26,3,2
432,0,26,4,0
432,0,26,5,0
432,0,26,6,0
432,0,26,7,0
432,0,26,8,4
432,0,26,9,0
432,0,26,10,0
432,0,26,11,0
432,0,26,12,0
432,0,26,13,2
432,0,26,14,2
432,0,26,15,3
432,0,26,16,0
432,0,26,17,9
432,0,26,18,10
530,0,10,0,3
530,0,10,1,3
530,0,10,2,3
530,0,10,3,3
530,0,10,4,3
530,0,10,5,3
530,0,10,6,3
530,0,10,7,3
530,0,10,8,3
530,0,10,9,3
530,0,10,10,3
530,0,10,11,3
530,0,10,12,3
530,0,10,13,3
530,0,10,14,3
530,0,10,15,3
530,0,10,16,3
530,0,10,17,3
530,0,10,18,3
530,0,18,0,3
530,0,18,1,3
530,0,18,2,3
530,0,18,3,3
530,0,18,4,3
530,0,18,5,3
530,0,18,6,3
530,0,18,7,3
530,0,18,8,3
530,0,18,9,3
530,0,18,10,3
530,0,18,11,3
530,0,18,12,3
530,0,18,13,3
530,0,18,14,3
530,0,18,15,3
530,0,18,16,3
530,0,18,17,3
530,0,18,18,3
530,0,26,0,9
530,0,26,1,2
530,0,26,2,2
530,0,26,3,9
530,0,26,4,2
530,0,26,5,2
530,0,26,6,9
530,0,26,7,0
530,0,26,8,0
530,0,26,9,2
530,0,26,10,0
530,0,26,11,0
530,0,26,12,0
530,0,26,13,2
530,0,26,14,2
530,0,26,15,3
530,0,26,16,0
530,0,26,17,9
530,0,26,18,10
524,0,10,0,3
524,0,10,1,3
524,0,10,2,3
524,0,10,3,3
524,0,10,4,3
524,0,10,5,3
524,0,10,6,3
524,0,10,7,3
524,0,10,8,3
524,0,10,9,3
524,0,10,10,3
524,0,10,11,3
524,0,10,12,3
524,0,10,13,3
524,0,10,14,3
524,0,10,15,3
524,0,10,16,3
524,0,10,17,3
524,0,10,18,3
524,0,10,19,3
524,0,10,20,3
524,0,10,21,3
524,0,10,22,3
524,0,10,23,3
524,0,10,24,3
524,0,10,25,3
524,0,10,26,3
524,0,10,27,3
524,0,10,28,3
524,0,10,29,3
524,0,10,30,3
524,0,10,31,3
524,0,10,32,3
524,0,10,33,3
524,0,10,34,3
524,0,10,35,3
524,0,10,36,3
524,0,10,37,3
524,0,10,38,3
524,0,10,39,3
524,0,10,40,3
524,0,10,41,3
524,0,10,42,3
524,0,10,43,3
524,0,10,44,3
524,0,10,45,3
524,0,10,46,3
524,0,10,47,3
524,0,10,48,3
524,0,10,49,3
524,0,10,50,3
524,0,10,51,3
524,0,10,52,3
524,0,10,53,3
524,0,10,54,3
524,0,18,0,3
524,0,18,1,3
524,0,18,2,3
524,0,18,3,3
524,0,18,4,3
524,0,18,5,3
524,0,18,6,3
524,0,18,7,3
524,0,18,8,3
524,0,18,9,3
524,0,18,10,3
524,0,18,11,3
524,0,18,12,3
524,0,18,13,3
524,0,18,14,3
524,0,18,15,3
524,0,18,16,3
524,0,18,17,3
524,0,18,18,3
524,0,18,19,3
524,0,18,20,3
524,0,18,21,3
524,0,18,22,3
524,0,18,23,3
524,0,18,24,3
524,0,18,25,3
524,0,18,26,3
524,0,18,27,3
524,0,18,28,3
524,0,18,29,3
524,0,18,30,3
524,0,18,31,3
524,0,18,32,3
524,0,18,33,3
524,0,18,34,3
524,0,18,35,3
524,0,18,36,3
524,0,18,37,3
524,0,18,38,3
524,0,18,39,3
524,0,18,40,3
524,0,18,41,3
524,0,18,42,3
524,0,18,43,3
524,0,18,44,3
524,0,18,45,3
524,0,18,46,3
524,0,18,47,3
524,0,18,48,3
524,0,18,49,3
524,0,18,50,3
524,0,18,51,3
524,0,18,52,3
524,0,18,53,3
524,0,18,54,3
524,0,26,0,4
524,0,26,1,0
524,0,26,2,4
524,0,26,3,0
524,0,26,4,4
524,0,26,5,0
524,0,26,6,4
524,0,26,7,4
524,0,26,8,4
524,0,26,9,4
524,0,26,10,4
524,0,26,11,0
524,0,26,12,4
524,0,26,13,4
524,0,26,14,4
524,0,26,15,0
524,0,26,16,0
524,0,26,17,4
524,0,26,18,0
524,0,26,19,9
524,0,26,20,0
524,0,26,21,4
524,0,26,22,4
524,0,26,23,4
524,0,26,24,4
524,0,26,25,4
524,0,26,26,4
524,0,26,27,4
524,0,26,28,4
524,0,26,29,4
524,0,26,30,0
524,0,26,31,9
524,0,26,32,4
524,0,26,33,4
524,0,26,34,4
524,0,26,35,4
524,0,26,36,4
524,0,26,37,4
524,0,26,38,4
524,0,26,39,4
524,0,26,40,4
524,0,26,41,4
524,0,26,42,4
524,0,26,43,4
524,0,26,44,0
524,0,26,45,4
524,0,26,46,0
524,0,26,47,4
524,0,26,48,4
524,0,26,49,4
524,0,26,50,4
524,0,26,51,0
524,0,26,52,0
524,0,26,53,9
524,0,26,54,10
183,0,10,0,3
183,0,10,1,3
183,0,10,2,3
183,0,10,3,3
183,0,10,4,3
183,0,10,5,3
183,0,10,6,3
183,0,10,7,3
183,0,10,8,3
183,0,10,9,3
183,0,10,10,3
183,0,10,11,3
183,0,10,12,3
183,0,10,13,3
183,0,10,14,3
183,0,10,15,3
183,0,10,16,3
183,0,10,17,3
183,0,10,18,3
183,0,10,19,3
183,0,10,20,3
183,0,10,21,3
183,0,10,22,3
183,0,10,23,3
183,0,10,24,3
183,0,10,25,3
183,0,10,26,3
183,0,10,27,3
183,0,10,28,3
183,0,10,29,3
183,0,10,30,3
183,0,10,31,3
183,0,10,32,3
183,0,10,33,3
183,0,10,34,3
183,0,10,35,3
183,0,10,36,3
183,0,10,37,3
183,0,10,38,3
183,0,10,39,3
183,0,10,40,3
183,0,10,41,3
183,0,10,42,3
183,0,10,43,3
183,0,10,44,3
183,0,10,45,3
183,0,10,46,3
183,0,10,47,3
183,0,10,48,3
183,0,10,49,3
183,0,10,50,3
183,0,10,51,3
183,0,10,52,3
183,0,10,53,3
183,0,10,54,3
183,0,10,55,3
183,0,10,56,3
183,0,10,57,3
183,0,10,58,3
183,0,10,59,3
183,0,10,60,3
183,0,10,61,3
183,0,10,62,3
183,0,10,63,3
183,0,10,64,3
183,0,10,65,3
183,0,10,66,3
183,0,10,67,3
183,0,18,0,3
183,0,18,1,3
183,0,18,2,3
183,0,18,3,3
183,0,18,4,3
183,0,18,5,3
183,0,18,6,3
183,0,18,7,3
183,0,18,8,3
183,0,18,9,3
183,0,18,10,3
183,0,18,11,3
183,0,18,12,3
183,0,18,13,3
183,0,18,14,3
183,0,18,15,3
183,0,18,16,3
183,0,18,17,3
183,0,18,18,3
183,0,18,19,3
183,0,18,20,3
183,0,18,21,3
183,0,18,22,3
183,0,18,23,3
183,0,18,24,3
183,0,18,25,3
183,0,18,26,3
183,0,18,27,3
183,0,18,28,3
183,0,18,29,3
183,0,18,30,3
183,0,18,31,3
183,0,18,32,3
183,0,18,33,3
183,0,18,34,3
183,0,18,35,3
183,0,18,36,3
183,0,18,37,3
183,0,18,38,3
183,0,18,39,3
183,0,18,40,3
183,0,18,41,3
183,0,18,42,3
183,0,18,43,3
183,0,18,44,3
183,0,18,45,3
183,0,18,46,3
183,0,18,47,3
183,0,18,48,3
183,0,18,49,3
183,0,18,50,3
183,0,18,51,3
183,0,18,52,3
183,0,18,53,3
183,0,18,54,3
183,0,18,55,3
183,0,18,56,3
183,0,18,57,3
183,0,18,58,3
183,0,18,59,3
183,0,18,60,3
183,0,18,61,3
183,0,18,62,3
183,0,18,63,3
183,0,18,64,3
183,0,18,65,3
183,0,18,66,3
183,0,18,67,3
183,0,26,0,0
183,0,26,1,0
183,0,26,2,0
183,0,26,3,0
183,0,26,4,0
183,0,26,5,0
183,0,26,6,4
183,0,26,7,4
183,0,26,8,4
183,0,26,9,4
183,0,26,10,0
183,0,26,11,0
183,0,26,12,4
183,0,26,13,4
183,0,26,14,4
183,0,26,15,4
183,0,26,16,0
183,0,26,17,0
183,0,26,18,4
183,0,26,19,4
183,0,26,20,4
183,0,26,21,0
183,0,26,22,0
183,0,26,23,0
183,0,26,24,0
183,0,26,25,0
183,0,26,26,0
183,0,26,27,0
183,0,26,28,0
183,0,26,29,0
183,0,26,30,0
183,0,26,31,0
183,0,26,32,0
183,0,26,33,0
183,0,26,34,0
183,0,26,35,0
183,0,26,36,0
183,0,26,37,4
183,0,26,38,4
183,0,26,39,0
183,0,26,40,9
183,0,26,41,0
183,0,26,42,0
183,0,26,43,4
183,0,26,44,0
183,0,26,45,4
183,0,26,46,4
183,0,26,47,4
183,0,26,48,0
183,0,26,49,4
183,0,26,50,4
183,0,26,51,0
183,0,26,52,4
183,0,26,53,0
183,0,26,54,4
183,0,26,55,4
183,0,26,56,4
183,0,26,57,0
183,0,26,58,4
183,0,26,59,0
183,0,26,60,0
183,0,26,61,4
183,0,26,62,4
183,0,26,63,0
183,0,26,64,4
183,0,26,65,0
183,0,26,66,9
183,0,26,67,10
579,0,10,0,3
579,0,10,1,3
579,0,10,2,3
579,0,10,3,3
579,0,10,4,3
579,0,10,5,3
579,0,10,6,3
579,0,10,7,3
579,0,10,8,3
579,0,10,9,3
579,0,10,10,3
579,0,10,11,3
579,0,10,12,3
579,0,10,13,3
579,0,10,14,3
579,0,10,15,3
579,0,10,16,3
579,0,10,17,3
579,0,10,18,3
579,0,10,19,3
579,0,10,20,3
579,0,10,21,3
579,0,10,22,3
579,0,10,23,3
579,0,10,24,3
579,0,10,25,3
579,0,10,26,3
579,0,10,27,3
579,0,10,28,3
579,0,10,29,3
579,0,10,30,3
579,0,10,31,3
579,0,10,32,3
579,0,10,33,3
579,0,10,34,3
579,0,10,35,3
579,0,10,36,3
579,0,10,37,3
579,0,10,38,3
579,0,10,39,3
579,0,10,40,3
579,0,10,41,3
579,0,10,42,3
579,0,10,43,3
579,0,10,44,3
579,0,10,45,3
579,0,10,46,3
579,0,10,47,3
579,0,10,48,3
579,0,10,49,3
579,0,10,50,3
579,0,10,51,3
579,0,10,52,3
579,0,10,53,3
579,0,10,54,3
579,0,10,55,3
579,0,10,56,3
579,0,10,57,3
579,0,10,58,3
579,0,10,59,3
579,0,10,60,3
579,0,10,61,3
579,0,10,62,3
579,0,10,63,3
579,0,10,64,3
579,0,10,65,3
579,0,10,66,3
579,0,10,67,3
579,0,10,68,3
579,0,10,69,3
579,0,10,70,3
579,0,10,71,3
579,0,10,72,3
579,0,10,73,3
579,0,10,74,3
579,0,18,0,3
579,0,18,1,3
579,0,18,2,3
579,0,18,3,3
579,0,18,4,3
579,0,18,5,3
579,0,18,6,3
579,0,18,7,3
579,0,18,8,3
579,0,18,9,3
579,0,18,10,3
579,0,18,11,3
579,0,18,12,3
579,0,18,13,3
579,0,18,14,3
579,0,18,15,3
579,0,18,16,3
579,0,18,17,3
579,0,18,18,3
579,0,18,19,3
579,0,18,20,3
579,0,18,21,3
579,0,18,22,3
579,0,18,23,3
579,0,18,24,3
579,0,18,25,3
579,0,18,26,3
579,0,18,27,3
579,0,18,28,3
579,0,18,29,3
579,0,18,30,3
579,0,18,31,3
579,0,18,32,3
579,0,18,33,3
579,0,18,34,3
579,0,18,35,3
579,0,18,36,3
579,0,18,37,3
579,0,18,38,3
579,0,18,39,3
579,0,18,40,3
579,0,18,41,3
579,0,18,42,3
579,0,18,43,3
579,0,18,44,3
579,0,18,45,3
579,0,18,46,3
579,0,18,47,3
579,0,18,48,3
579,0,18,49,3
579,0,18,50,3
579,0,18,51,3
579,0,18,52,3
579,0,18,53,3
579,0,18,54,3
579,0,18,55,3
579,0,18,56,3
579,0,18,57,3
579,0,18,58,3
579,0,18,59,3
579,0,18,60,3
579,0,18,61,3
579,0,18,62,3
579,0,18,63,3
579,0,18,64,3
579,0,18,65,3
579,0,18,66,3
579,0,18,67,3
579,0,18,68,3
579,0,18,69,3
579,0,18,70,3
579,0,18,71,3
579,0,18,72,3
579,0,18,73,3
579,0,18,74,3
579,0,26,0,0
579,0,26,1,0
579,0,26,2,0
579,0,26,3,0
579,0,26,4,0
579,0,26,5,0
579,0,26,6,0
579,0,26,7,0
579,0,26,8,0
579,0,26,9,0
579,0,26,10,0
579,0,26,11,0
579,0,26,12,0
579,0,26,13,0
579,0,26,14,0
579,0,26,15,0
579,0,26,16,0
579,0,26,17,9
579,0,26,18,0
579,0,26,19,0
579,0,26,20,0
579,0,26,21,0
579,0,26,22,0
579,0,26,23,0
579,0,26,24,0
579,0,26,25,0
579,0,26,26,0
579,0,26,27,0
579,0,26,28,0
579,0,26,29,0
579,0,26,30,0
579,0,26,31,0
579,0,26,32,0
579,0,26,33,0
579,0,26,34,0
579,0,26,35,0
579,0,26,36,4
579,0,26,37,0
579,0,26,38,0
579,0,26,39,0
579,0,26,40,4
579,0,26,41,0
579,0,26,42,4
579,0,26,43,0
579,0,26,44,0
579,0,26,45,4
579,0,26,46,4
579,0,26,47,0
579,0,26,48,0
579,0,26,49,0
579,0,26,50,0
579,0,26,51,0
579,0,26,52,0
579,0,26,53,9
579,0,26,54,0
579,0,26,55,0
579,0,26,56,0
579,0,26,57,0
579,0,26,58,0
579,0,26,59,0
579,0,26,60,0
579,0,26,61,0
579,0,26,62,0
579,0,26,63,0
579,0,26,64,0
579,0,26,65,0
579,0,26,66,0
579,0,26,67,0
579,0,26,68,0
579,0,26,69,0
579,0,26,70,0
579,0,26,71,0
579,0,26,72,0
579,0,26,73,9
579,0,26,74,10
789,1,10,0,3
789,1,10,1,3
789,1,10,2,3
789,1,10,3,3
789,1,10,4,3
789,1,10,5,3
789,1,10,6,3
789,1,10,7,3
789,1,10,8,3
789,1,10,9,3
789,1,10,10,3
789,1,10,11,3
789,1,10,12,3
789,1,10,13,3
789,1,10,14,3
789,1,10,15,3
789,1,10,16,3
789,1,10,17,3
789,1,10,18,3
789,1,10,19,3
789,1,10,20,3
789,1,10,21,3
789,1,10,22,3
789,1,10,23,3
789,1,10,24,3
789,1,10,25,3
789,1,10,26,3
789,1,10,27,3
789,1,10,28,3
789,1,10,29,3
789,1,10,30,3
789,1,10,31,3
789,1,10,32,3
789,1,18,0,3
789,1,18,1,3
789,1,18,2,3
789,1,18,3,3
789,1,18,4,3
789,1,18,5,3
789,1,18,6,3
789,1,18,7,3
789,1,18,8,3
789,1,18,9,3
789,1,18,10,3
789,1,18,11,3
789,1,18,12,3
789,1,18,13,3
789,1,18,14,3
789,1,18,15,3
789,1,18,16,3
789,1,18,17,3
789,1,18,18,3
789,1,18,19,3
789,1,18,20,3
789,1,18,21,3
789,1,18,22,3
789,1,18,23,3
789,1,18,24,3
789,1,18,25,3
789,1,18,26,3
789,1,18,27,3
789,1,18,28,3
789,1,18,29,3
789,1,18,30,3
789,1,18,31,3
789,1,18,32,3
789,1,26,0,9
789,1,26,1,4
789,1,26,2,3
789,1,26,3,0
789,1,26,4,4
789,1,26,5,0
789,1,26,6,4
789,1,26,7,4
789,1,26,8,4
789,1,26,9,4
789,1,26,10,0
789,1,26,11,4
789,1,26,12,3
789,1,26,13,3
789,1,26,14,3
789,1,26,15,3
789,1,26,16,0
789,1,26,17,9
789,1,26,18,4
789,1,26,19,0
789,1,26,20,0
789,1,26,21,3
789,1,26,22,0
789,1,26,23,3
789,1,26,24,0
789,1,26,25,0
789,1,26,26,3
789,1,26,27,3
789,1,26,28,3
789,1,26,29,3
789,1,26,30,0
789,1,26,31,9
789,1,26,32,10
84,1,10,0,3
84,1,10,1,3
84,1,10,2,3
84,1,10,3,3
84,1,10,4,3
84,1,10,5,3
84,1,10,6,3
84,1,10,7,3
84,1,10,8,3
84,1,10,9,3
84,1,10,10,3
84,1,10,11,3
84,1,10,12,3
84,1,10,13,3
84,1,10,14,3
84,1,10,15,3
84,1,10,16,3
84,1,10,17,3
84,1,10,18,3
84,1,10,19,3
84,1,10,20,3
84,1,10,21,3
84,1,10,22,3
84,1,10,23,3
84,1,10,24,3
84,1,10,25,3
84,1,10,26,3
84,1,10,27,3
84,1,10,28,3
84,1,10,29,3
84,1,10,30,3
84,1,10,31,3
84,1,10,32,3
84,1,10,33,3
84,1,10,34,3
84,1,10,35,3
84,1,10,36,3
84,1,10,37,3
84,1,10,38,3
84,1,10,39,3
84,1,10,40,3
84,1,10,41,3
84,1,10,42,3
84,1,10,43,3
84,1,10,44,3
84,1,10,45,3
84,1,10,46,3
84,1,10,47,3
84,1,10,48,3
84,1,10,49,3
84,1,10,50,3
84,1,10,51,3
84,1,10,52,3
84,1,10,53,3
84,1,10,54,3
84,1,10,55,3
84,1,10,56,3
84,1,10,57,3
84,1,10,58,3
84,1,10,59,3
84,1,10,60,3
84,1,10,61,3
84,1,10,62,3
84,1,10,63,3
84,1,10,64,3
84,1,10,65,3
84,1,10,66,3
84,1,10,67,3
84,1,10,68,3
84,1,10,69,3
84,1,10,70,3
84,1,10,71,3
84,1,10,72,3
84,1,10,73,3
84,1,10,74,3
84,1,10,75,3
84,1,10,76,3
84,1,10,77,3
84,1,10,78,3
84,1,18,0,3
84,1,18,1,3
84,1,18,2,3
84,1,18,3,3
84,1,18,4,3
84,1,18,5,3
84,1,18,6,3
84,1,18,7,3
84,1,18,8,3
84,1,18,9,3
84,1,18,10,3
84,1,18,11,3
84,1,18,12,3
84,1,18,13,3
84,1,18,14,3
84,1,18,15,3
84,1,18,16,3
84,1,18,17,3
84,1,18,18,3
84,1,18,19,3
84,1,18,20,3
84,1,18,21,3
84,1,18,22,3
84,1,18,23,3
84,1,18,24,3
84,1,18,25,3
84,1,18,26,3
84,1,18,27,3
84,1,18,28,3
84,1,18,29,3
84,1,18,30,3
84,1,18,31,3
84,1,18,32,3
84,1,18,33,3
84,1,18,34,3
84,1,18,35,3
84,1,18,36,3
84,1,18,37,3
84,1,18,38,3
84,1,18,39,3
84,1,18,40,3
84,1,18,41,3
84,1,18,42,3
84,1,18,43,3
84,1,18,44,3
84,1,18,45,3
84,1,18,46,3
84,1,18,47,3
84,1,18,48,3
84,1,18,49,3
84,1,18,50,3
84,1,18,51,3
84,1,18,52,3
84,1,18,53,3
84,1,18,54,3
84,1,18,55,3
84,1,18,56,3
84,1,18,57,3
84,1,18,58,3
84,1,18,59,3
84,1,18,60,3
84,1,18,61,3
84,1,18,62,3
84,1,18,63,3
84,1,18,64,3
84,1,18,65,3
84,1,18,66,3
84,1,18,67,3
84,1,18,68,3
84,1,18,69,3
84,1,18,70,3
84,1,18,71,3
84,1,18,72,3
84,1,18,73,3
84,1,18,74,3
84,1,18,75,3
84,1,18,76,3
84,1,18,77,3
84,1,18,78,3
84,1,26,0,4
84,1,26,1,4
84,1,26,2,4
84,1,26,3,4
84,1,26,4,4
84,1,26,5,4
84,1,26,6,4
84,1,26,7,3
84,1,26,8,0
84,1,26,9,0
84,1,26,10,4
84,1,26,11,4
84,1,26,12,4
84,1,26,13,4
84,1,26,14,4
84,1,26,15,3
84,1,26,16,3
84,1,26,17,3
84,1,26,18,4
84,1,26,19,3
84,1,26,20,4
84,1,26,21,3
84,1,26,22,0
84,1,26,23,4
84,1,26,24,4
84,1,26,25,3
84,1,26,26,0
84,1,26,27,4
84,1,26,28,8
84,1,26,29,8
84,1,26,30,8
84,1,26,31,8
84,1,26,32,8
84,1,26,33,8
84,1,26,34,8
84,1,26,35,0
84,1,26,36,8
84,1,26,37,8
84,1,26,38,8
84,1,26,39,8
84,1,26,40,0
84,1,26,41,4
84,1,26,42,0
84,1,26,43,9
84,1,26,44,4
84,1,26,45,4
84,1,26,46,4
84,1,26,47,4
84,1,26,48,4
84,1,26,49,4
84,1,26,50,8
84,1,26,51,8
84,1,26,52,8
84,1,26,53,8
84,1,26,54,8
84,1,26,55,8
84,1,26,56,8
84,1,26,57,8
84,1,26,58,8
84,1,26,59,8
84,1,26,60,8
84,1,26,61,8
84,1,26,62,8
84,1,26,63,8
84,1,26,64,8
84,1,26,65,8
84,1,26,66,8
84,1,26,67,8
84,1,26,68,8
84,1,26,69,8
84,1,26,70,8
84,1,26,71,8
84,1,26,72,8
84,1,26,73,8
84,1,26,74,8
84,1,26,75,8
84,1,26,76,0
84,1,26,77,9
84,1,26,78,10
164,0,10,0,3
164,0,10,1,3
164,0,10,2,3
164,0,10,3,3
164,0,10,4,3
164,0,10,5,3
164,0,10,6,3
164,0,10,7,3
164,0,10,8,3
164,0,10,9,3
164,0,10,10,3
164,0,10,11,3
164,0,10,12,3
164,0,10,13,3
164,0,10,14,3
164,0,10,15,3
164,0,10,16,3
164,0,10,17,3
164,0,10,18,3
164,0,10,19,3
164,0,10,20,3
164,0,10,21,3
164,0,10,22,3
164,0,10,23,3
164,0,10,24,3
164,0,10,25,3
164,0,10,26,3
164,0,10,27,3
164,0,10,28,3
164,0,10,29,3
164,0,10,30,3
164,0,10,31,3
164,0,10,32,3
164,0,10,33,3
164,0,10,34,3
164,0,10,35,3
164,0,10,36,3
164,0,10,37,3
164,0,10,38,3
164,0,10,39,3
164,0,10,40,3
164,0,10,41,3
164,0,10,42,3
164,0,10,43,3
164,0,10,44,3
164,0,10,45,3
164,0,10,46,3
164,0,10,47,3
164,0,10,48,3
164,0,10,49,3
164,0,10,50,3
164,0,10,51,3
164,0,10,52,3
164,0,10,53,3
164,0,10,54,3
164,0,18,0,3
164,0,18,1,3
164,0,18,2,3
164,0,18,3,3
164,0,18,4,3
164,0,18,5,3
164,0,18,6,3
164,0,18,7,3
164,0,18,8,3
164,0,18,9,3
164,0,18,10,3
164,0,18,11,3
164,0,18,12,3
164,0,18,13,3
164,0,18,14,3
164,0,18,15,3
164,0,18,16,3
164,0,18,17,3
164,0,18,18,3
164,0,18,19,3
164,0,18,20,3
164,0,18,21,3
164,0,18,22,3
164,0,18,23,3
164,0,18,24,3
164,0,18,25,3
164,0,18,26,3
164,0,18,27,3
164,0,18,28,3
164,0,18,29,3
164,0,18,30,3
164,0,18,31,3
164,0,18,32,3
164,0,18,33,3
164,0,18,34,3
164,0,18,35,3
164,0,18,36,3
164,0,18,37,3
164,0,18,38,3
164,0,18,39,3
164,0,18,40,3
164,0,18,41,3
164,0,18,42,3
164,0,18,43,3
164,0,18,44,3
164,0,18,45,3
164,0,18,46,3
164,0,18,47,3
164,0,18,48,3
164,0,18,49,3
164,0,18,50,3
164,0,18,51,3
164,0,18,52,3
164,0,18,53,3
164,0,18,54,3
164,0,26,0,0
164,0,26,1,0
164,0,26,2,0
164,0,26,3,0
164,0,26,4,0
164,0,26,5,0
164,0,26,6,0
164,0,26,7,4
164,0,26,8,4
164,0,26,9,0
164,0,26,10,4
164,0,26,11,4
164,0,26,12,4
164,0,26,13,0
164,0,26,14,2
164,0,26,15,0
164,0,26,16,9
164,0,26,17,0
164,0,26,18,0
164,0,26,19,11
164,0,26,20,0
164,0,26,21,4
164,0,26,22,0
164,0,26,23,4
164,0,26,24,0
164,0,26,25,4
164,0,26,26,4
164,0,26,27,0
164,0,26,28,0
164,0,26,29,0
164,0,26,30,4
164,0,26,31,4
164,0,26,32,0
164,0,26,33,0
164,0,26,34,9
164,0,26,35,0
164,0,26,36,0
164,0,26,37,0
164,0,26,38,0
164,0,26,39,0
164,0,26,40,4
164,0,26,41,4
164,0,26,42,4
164,0,26,43,4
164,0,26,44,0
164,0,26,45,0
164,0,26,46,2
164,0,26,47,2
164,0,26,48,0
164,0,26,49,2
164,0,26,50,0
164,0,26,51,2
164,0,26,52,0
164,0,26,53,9
164,0,26,54,10
310,1,10,0,3
310,1,10,1,3
310,1,10,2,3
310,1,10,3,3
310,1,10,4,3
310,1,10,5,3
310,1,10,6,3
310,1,10,7,3
310,1,10,8,3
310,1,10,9,3
310,1,10,10,3
310,1,10,11,3
310,1,10,12,3
310,1,10,13,3
310,1,10,14,3
310,1,10,15,3
310,1,10,16,3
310,1,10,17,3
310,1,10,18,3
310,1,10,19,3
310,1,10,20,3
310,1,10,21,3
310,1,10,22,3
310,1,10,23,3
310,1,10,24,3
310,1,10,25,3
310,1,10,26,3
310,1,10,27,3
310,1,10,28,3
310,1,10,29,3
310,1,10,30,3
310,1,10,31,3
310,1,10,32,3
310,1,10,33,3
310,1,10,34,3
310,1,10,35,3
310,1,10,36,3
310,1,10,37,3
310,1,10,38,3
310,1,10,39,3
310,1,10,40,3
310,1,10,41,3
310,1,10,42,3
310,1,10,43,3
310,1,10,44,3
310,1,10,45,3
310,1,10,46,3
310,1,10,47,3
310,1,10,48,3
310,1,10,49,3
310,1,10,50,3
310,1,10,51,3
310,1,10,52,3
310,1,10,53,3
310,1,10,54,3
310,1,10,55,3
310,1,10,56,3
310,1,10,57,3
310,1,10,58,3
310,1,10,59,3
310,1,10,60,3
310,1,10,61,3
310,1,10,62,3
310,1,10,63,3
310,1,10,64,3
310,1,18,0,3
310,1,18,1,3
310,1,18,2,3
310,1,18,3,3
310,1,18,4,3
310,1,18,5,3
310,1,18,6,3
310,1,18,7,3
310,1,18,8,3
310,1,18,9,3
310,1,18,10,3
310,1,18,11,3
310,1,18,12,3
310,1,18,13,3
310,1,18,14,3
310,1,18,15,3
310,1,18,16,3
310,1,18,17,3
310,1,18,18,3
310,1,18,19,3
310,1,18,20,3
310,1,18,21,3
310,1,18,22,3
310,1,18,23,3
310,1,18,24,3
310,1,18,25,3
310,1,18,26,3
310,1,18,27,3
310,1,18,28,3
310,1,18,29,3
310,1,18,30,3
310,1,18,31,3
310,1,18,32,3
310,1,18,33,3
310,1,18,34,3
310,1,18,35,3
310,1,18,36,3
310,1,18,37,3
310,1,18,38,3
310,1,18,39,3
310,1,18,40,3
310,1,18,41,3
310,1,18,42,3
310,1,18,43,3
310,1,18,44,3
310,1,18,45,3
310,1,18,46,3
310,1,18,47,3
310,1,18,48,3
310,1,18,49,3
310,1,18,50,3
310,1,18,51,3
310,1,18,52,3
310,1,18,53,3
310,1,18,54,3
310,1,18,55,3
310,1,18,56,3
310,1,18,57,3
310,1,18,58,3
310,1,18,59,3
310,1,18,60,3
310,1,18,61,3
310,1,18,62,3
310,1,18,63,3
310,1,18,64,3
310,1,26,0,0
310,1,26,1,2
310,1,26,2,0
310,1,26,3,0
310,1,26,4,0
310,1,26,5,0
310,1,26,6,2
310,1,26,7,2
310,1,26,8,2
310,1,26,9,2
310,1,26,10,2
310,1,26,11,0
310,1,26,12,2
310,1,26,13,0
310,1,26,14,0
310,1,26,15,2
310,1,26,16,0
310,1,26,17,9
310,1,26,18,0
310,1,26,19,2
310,1,26,20,2
310,1,26,21,0
310,1,26,22,2
310,1,26,23,2
310,1,26,24,0
310,1,26,25,2
310,1,26,26,0
310,1,26,27,2
310,1,26,28,2
310,1,26,29,2
310,1,26,30,0
310,1,26,31,9
310,1,26,32,0
310,1,26,33,0
310,1,26,34,0
310,1,26,35,0
310,1,26,36,0
310,1,26,37,0
310,1,26,38,0
310,1,26,39,0
310,1,26,40,0
310,1,26,41,0
310,1,26,42,0
310,1,26,43,0
310,1,26,44,0
310,1,26,45,2
310,1,26,46,2
310,1,26,47,0
310,1,26,48,0
310,1,26,49,2
310,1,26,50,0
310,1,26,51,0
310,1,26,52,2
310,1,26,53,0
310,1,26,54,2
310,1,26,55,0
310,1,26,56,2
310,1,26,57,0
310,1,26,58,0
310,1,26,59,2
310,1,26,60,2
310,1,26,61,0
310,1,26,62,0
310,1,26,63,9
310,1,26,64,10
588,1,10,0,3
588,1,10,1,3
588,1,10,2,3
588,1,10,3,3
588,1,10,4,3
588,1,10,5,3
588,1,10,6,3
588,1,10,7,3
588,1,10,8,3
588,1,10,9,3
588,1,10,10,3
588,1,10,11,3
588,1,10,12,3
588,1,10,13,3
588,1,10,14,3
588,1,10,15,3
588,1,10,16,3
588,1,10,17,3
588,1,10,18,3
588,1,10,19,3
588,1,10,20,3
588,1,10,21,3
588,1,10,22,3
588,1,10,23,3
588,1,10,24,3
588,1,10,25,3
588,1,10,26,3
588,1,10,27,3
588,1,10,28,3
588,1,10,29,3
588,1,10,30,3
588,1,10,31,3
588,1,18,0,3
588,1,18,1,3
588,1,18,2,3
588,1,18,3,3
588,1,18,4,3
588,1,18,5,3
588,1,18,6,3
588,1,18,7,3
588,1,18,8,3
588,1,18,9,3
588,1,18,10,3
588,1,18,11,3
588,1,18,12,3
588,1,18,13,3
588,1,18,14,3
588,1,18,15,3
588,1,18,16,3
588,1,18,17,3
588,1,18,18,3
588,1,18,19,3
588,1,18,20,3
588,1,18,21,3
588,1,18,22,3
588,1,18,23,3
588,1,18,24,3
588,1,18,25,3
588,1,18,26,3
588,1,18,27,3
588,1,18,28,3
588,1,18,29,3
588,1,18,30,3
588,1,18,31,3
588,1,26,0,0
588,1,26,1,0
588,1,26,2,0
588,1,26,3,0
588,1,26,4,0
588,1,26,5,0
588,1,26,6,0
588,1,26,7,0
588,1,26,8,0
588,1,26,9,0
588,1,26,10,0
588,1,26,11,0
588,1,26,12,0
588,1,26,13,0
588,1,26,14,9
588,1,26,15,0
588,1,26,16,0
588,1,26,17,0
588,1,26,18,0
588,1,26,19,0
588,1,26,20,0
588,1,26,21,0
588,1,26,22,0
588,1,26,23,0
588,1,26,24,0
588,1,26,25,0
588,1,26,26,0
588,1,26,27,0
588,1,26,28,0
588,1,26,29,0
588,1,26,30,9
588,1,26,31,10
656,1,10,0,3
656,1,10,1,3
656,1,10,2,3
656,1,10,3,3
656,1,10,4,3
656,1,10,5,3
656,1,10,6,3
656,1,10,7,3
656,1,10,8,3
656,1,10,9,3
656,1,10,10,3
656,1,10,11,3
656,1,10,12,3
656,1,10,13,3
656,1,10,14,3
656,1,10,15,3
656,1,10,16,3
656,1,10,17,3
656,1,10,18,3
656,1,10,19,3
656,1,10,20,3
656,1,10,21,3
656,1,10,22,3
656,1,10,23,3
656,1,10,24,3
656,1,10,25,3
656,1,10,26,3
656,1,10,27,3
656,1,10,28,3
656,1,10,29,3
656,1,10,30,3
656,1,10,31,3
656,1,10,32,3
656,1,10,33,3
656,1,10,34,3
656,1,10,35,3
656,1,10,36,3
656,1,10,37,3
656,1,10,38,3
656,1,10,39,3
656,1,10,40,3
656,1,10,41,3
656,1,10,42,3
656,1,10,43,3
656,1,10,44,3
656,1,10,45,3
656,1,10,46,3
656,1,10,47,3
656,1,10,48,3
656,1,10,49,3
656,1,10,50,3
656,1,10,51,3
656,1,10,52,3
656,1,10,53,3
656,1,10,54,3
656,1,10,55,3
656,1,10,56,3
656,1,10,57,3
656,1,10,58,3
656,1,10,59,3
656,1,10,60,3
656,1,10,61,3
656,1,10,62,3
656,1,10,63,3
656,1,10,64,3
656,1,10,65,3
656,1,10,66,3
656,1,10,67,3
656,1,10,68,3
656,1,10,69,3
656,1,10,70,3
656,1,10,71,3
656,1,10,72,3
656,1,10,73,3
656,1,10,74,3
656,1,10,75,3
656,1,10,76,3
656,1,10,77,3
656,1,10,78,3
656,1,10,79,3
656,1,18,0,3
656,1,18,1,3
656,1,18,2,3
656,1,18,3,3
656,1,18,4,3
656,1,18,5,3
656,1,18,6,3
656,1,18,7,3
656,1,18,8,3
656,1,18,9,3
656,1,18,10,3
656,1,18,11,3
656,1,18,12,3
656,1,18,13,3
656,1,18,14,3
656,1,18,15,3
656,1,18,16,3
656,1,18,17,3
656,1,18,18,3
656,1,18,19,3
656,1,18,20,3
656,1,18,21,3
656,1,18,22,3
656,1,18,23,3
656,1,18,24,3
656,1,18,25,3
656,1,18,26,3
656,1,18,27,3
656,1,18,28,3
656,1,18,29,3
656,1,18,30,3
656,1,18,31,3
656,1,18,32,3
656,1,18,33,3
656,1,18,34,3
656,1,18,35,3
656,1,18,36,3
656,1,18,37,3
656,1,18,38,3
656,1,18,39,3
656,1,18,40,3
656,1,18,41,3
656,1,18,42,3
656,1,18,43,3
656,1,18,44,3
656,1,18,45,3
656,1,18,46,3
656,1,18,47,3
656,1,18,48,3
656,1,18,49,3
656,1,18,50,3
656,1,18,51,3
656,1,18,52,3
656,1,18,53,3
656,1,18,54,3
656,1,18,55,3
656,1,18,56,3
656,1,18,57,3
656,1,18,58,3
656,1,18,59,3
656,1,18,60,3
656,1,18,61,3
656,1,18,62,3
656,1,18,63,3
656,1,18,64,3
656,1,18,65,3
656,1,18,66,3
656,1,18,67,3
656,1,18,68,3
656,1,18,69,3
656,1,18,70,3
656,1,18,71,3
656,1,18,72,3
656,1,18,73,3
656,1,18,74,3
656,1,18,75,3
656,1,18,76,3
656,1,18,77,3
656,1,18,78,3
656,1,18,79,3
656,1,26,0,4
656,1,26,1,4
656,1,26,2,3
656,1,26,3,4
656,1,26,4,4
656,1,26,5,4
656,1,26,6,4
656,1,26,7,4
656,1,26,8,4
656,1,26,9,3
656,1,26,10,4
656,1,26,11,4
656,1,26,12,4
656,1,26,13,4
656,1,26,14,3
656,1,26,15,4
656,1,26,16,4
656,1,26,17,3
656,1,26,18,4
656,1,26,19,4
656,1,26,20,4
656,1,26,21,4
656,1,26,22,4
656,1,26,23,4
656,1,26,24,4
656,1,26,25,4
656,1,26,26,4
656,1,26,27,4
656,1,26,28,4
656,1,26,29,4
656,1,26,30,4
656,1,26,31,4
656,1,26,32,4
656,1,26,33,4
656,1,26,34,4
656,1,26,35,4
656,1,26,36,4
656,1,26,37,4
656,1,26,38,4
656,1,26,39,4
656,1,26,40,4
656,1,26,41,4
656,1,26,42,4
656,1,26,43,4
656,1,26,44,4
656,1,26,45,0
656,1,26,46,4
656,1,26,47,4
656,1,26,48,4
656,1,26,49,4
656,1,26,50,0
656,1,26,51,4
656,1,26,52,4
656,1,26,53,4
656,1,26,54,4
656,1,26,55,4
656,1,26,56,4
656,1,26,57,4
656,1,26,58,0
656,1,26,59,4
656,1,26,60,4
656,1,26,61,4
656,1,26,62,4
656,1,26,63,4
656,1,26,64,0
656,1,26,65,4
656,1,26,66,0
656,1,26,67,9
656,1,26,68,4
656,1,26,69,4
656,1,26,70,4
656,1,26,71,4
656,1,26,72,4
656,1,26,73,4
656,1,26,74,4
656,1,26,75,0
656,1,26,76,4
656,1,26,77,4
656,1,26,78,4
656,1,26,79,4
369,1,10,0,3
369,1,10,1,3
369,1,10,2,3
369,1,10,3,3
369,1,10,4,3
369,1,10,5,3
369,1,10,6,3
369,1,10,7,3
369,1,10,8,3
369,1,10,9,3
369,1,10,10,3
369,1,10,11,3
369,1,10,12,3
369,1,10,13,3
369,1,10,14,3
369,1,10,15,3
369,1,10,16,3
369,1,10,17,3
369,1,10,18,3
369,1,10,19,3
369,1,10,20,3
369,1,10,21,3
369,1,10,22,3
369,1,10,23,3
369,1,10,24,3
369,1,10,25,3
369,1,10,26,3
369,1,10,27,3
369,1,10,28,3
369,1,10,29,3
369,1,10,30,3
369,1,10,31,3
369,1,10,32,3
369,1,10,33,3
369,1,10,34,3
369,1,10,35,3
369,1,10,36,3
369,1,10,37,3
369,1,10,38,3
369,1,10,39,3
369,1,10,40,3
369,1,10,41,3
369,1,10,42,3
369,1,10,43,3
369,1,10,44,3
369,1,10,45,3
369,1,10,46,3
369,1,10,47,3
369,1,10,48,3
369,1,10,49,3
369,1,10,50,3
369,1,10,51,3
369,1,10,52,3
369,1,10,53,3
369,1,10,54,3
369,1,10,55,3
369,1,10,56,3
369,1,10,57,3
369,1,10,58,3
369,1,10,59,3
369,1,10,60,3
369,1,10,61,3
369,1,10,62,3
369,1,10,63,3
369,1,10,64,3
369,1,10,65,3
369,1,10,66,3
369,1,10,67,3
369,1,10,68,3
369,1,10,69,3
369,1,10,70,3
369,1,10,71,3
369,1,10,72,3
369,1,10,73,3
369,1,10,74,3
369,1,10,75,3
369,1,10,76,3
369,1,10,77,3
369,1,10,78,3
369,1,10,79,3
369,1,18,0,3
369,1,18,1,3
369,1,18,2,3
369,1,18,3,3
369,1,18,4,3
369,1,18,5,3
369,1,18,6,3
369,1,18,7,3
369,1,18,8,3
369,1,18,9,3
369,1,18,10,3
369,1,18,11,3
369,1,18,12,3
369,1,18,13,3
369,1,18,14,3
369,1,18,15,3
369,1,18,16,3
369,1,18,17,3
369,1,18,18,3
369,1,18,19,3
369,1,18,20,3
369,1,18,21,3
369,1,18,22,3
369,1,18,23,3
369,1,18,24,3
369,1,18,25,3
369,1,18,26,3
369,1,18,27,3
369,1,18,28,3
369,1,18,29,3
369,1,18,30,3
369,1,18,31,3
369,1,18,32,3
369,1,18,33,3
369,1,18,34,3
369,1,18,35,3
369,1,18,36,3
369,1,18,37,3
369,1,18,38,3
369,1,18,39,3
369,1,18,40,3
369,1,18,41,3
369,1,18,42,3
369,1,18,43,3
369,1,18,44,3
369,1,18,45,3
369,1,18,46,3
369,1,18,47,3
369,1,18,48,3
369,1,18,49,3
369,1,18,50,3
369,1,18,51,3
369,1,18,52,3
369,1,18,53,3
369,1,18,54,3
369,1,18,55,3
369,1,18,56,3
369,1,18,57,3
369,1,18,58,3
369,1,18,59,3
369,1,18,60,3
369,1,18,61,3
369,1,18,62,3
369,1,18,63,3
369,1,18,64,3
369,1,18,65,3
369,1,18,66,3
369,1,18,67,3
369,1,18,68,3
369,1,18,69,3
369,1,18,70,3
369,1,18,71,3
369,1,18,72,3
369,1,18,73,3
369,1,18,74,3
369,1,18,75,3
369,1,18,76,3
369,1,18,77,3
369,1,18,78,3
369,1,18,79,3
369,1,26,0,4
369,1,26,1,4
369,1,26,2,3
369,1,26,3,0
369,1,26,4,4
369,1,26,5,0
369,1,26,6,0
369,1,26,7,4
369,1,26,8,0
369,1,26,9,4
369,1,26,10,4
369,1,26,11,4
369,1,26,12,0
369,1,26,13,4
369,1,26,14,0
369,1,26,15,0
369,1,26,16,0
369,1,26,17,4
369,1,26,18,4
369,1,26,19,3
369,1,26,20,4
369,1,26,21,4
369,1,26,22,4
369,1,26,23,5
369,1,26,24,5
369,1,26,25,4
369,1,26,26,5
369,1,26,27,5
369,1,26,28,4
369,1,26,29,3
369,1,26,30,0
369,1,26,31,4
369,1,26,32,4
369,1,26,33,4
369,1,26,34,3
369,1,26,35,0
369,1,26,36,4
369,1,26,37,4
369,1,26,38,4
369,1,26,39,0
369,1,26,40,3
369,1,26,41,0
369,1,26,42,4
369,1,26,43,4
369,1,26,44,4
369,1,26,45,0
369,1,26,46,3
369,1,26,47,0
369,1,26,48,4
369,1,26,49,4
369,1,26,50,0
369,1,26,51,3
369,1,26,52,0
369,1,26,53,4
369,1,26,54,4
369,1,26,55,0
369,1,26,56,3
369,1,26,57,0
369,1,26,58,4
369,1,26,59,4
369,1,26,60,4
369,1,26,61,4
369,1,26,62,4
369,1,26,63,3
369,1,26,64,0
369,1,26,65,4
369,1,26,66,4
369,1,26,67,4
369,1,26,68,9
369,1,26,69,3
369,1,26,70,0
369,1,26,71,4
369,1,26,72,4
369,1,26,73,4
369,1,26,74,9
369,1,26,75,3
369,1,26,76,0
369,1,26,77,0
369,1,26,78,4
369,1,26,79,4
25,0,10,0,3
25,0,10,1,3
25,0,10,2,3
25,0,10,3,3
25,0,10,4,3
25,0,10,5,3
25,0,10,6,3
25,0,10,7,3
25,0,10,8,3
25,0,10,9,3
25,0,10,10,3
25,0,10,11,3
25,0,10,12,3
25,0,10,13,3
25,0,10,14,3
25,0,10,15,3
25,0,10,16,3
25,0,10,17,3
25,0,10,18,3
25,0,10,19,3
25,0,10,20,3
25,0,10,21,3
25,0,10,22,3
25,0,10,23,3
25,0,10,24,3
25,0,10,25,3
25,0,10,26,3
25,0,10,27,3
25,0,10,28,3
25,0,10,29,3
25,0,10,30,3
25,0,10,31,3
25,0,10,32,3
25,0,10,33,3
25,0,10,34,3
25,0,10,35,3
25,0,10,36,3
25,0,10,37,3
25,0,10,38,3
25,0,10,39,3
25,0,10,40,3
25,0,18,0,3
25,0,18,1,3
25,0,18,2,3
25,0,18,3,3
25,0,18,4,3
25,0,18,5,3
25,0,18,6,3
25,0,18,7,3
25,0,18,8,3
25,0,18,9,3
25,0,18,10,3
25,0,18,11,3
25,0,18,12,3
25,0,18,13,3
25,0,18,14,3
25,0,18,15,3
25,0,18,16,3
25,0,18,17,3
25,0,18,18,3
25,0,18,19,3
25,0,18,20,3
25,0,18,21,3
25,0,18,22,3
25,0,18,23,3
25,0,18,24,3
25,0,18,25,3
25,0,18,26,3
25,0,18,27,3
25,0,18,28,3
25,0,18,29,3
25,0,18,30,3
25,0,18,31,3
25,0,18,32,3
25,0,18,33,3
25,0,18,34,3
25,0,18,35,3
25,0,18,36,3
25,0,18,37,3
25,0,18,38,3
25,0,18,39,3
25,0,18,40,3
25,0,26,0,3
25,0,26,1,4
25,0,26,2,4
25,0,26,3,0
25,0,26,4,4
25,0,26,5,4
25,0,26,6,0
25,0,26,7,4
25,0,26,8,4
25,0,26,9,4
25,0,26,10,3
25,0,26,11,3
25,0,26,12,3
25,0,26,13,4
25,0,26,14,0
25,0,26,15,4
25,0,26,16,4
25,0,26,17,4
25,0,26,18,0
25,0,26,19,4
25,0,26,20,4
25,0,26,21,4
25,0,26,22,4
25,0,26,23,3
25,0,26,24,0
25,0,26,25,4
25,0,26,26,0
25,0,26,27,9
25,0,26,28,4
25,0,26,29,4
25,0,26,30,4
25,0,26,31,0
25,0,26,32,4
25,0,26,33,4
25,0,26,34,4
25,0,26,35,0
25,0,26,36,4
25,0,26,37,4
25,0,26,38,0
25,0,26,39,9
25,0,26,40,10
394,0,10,0,3
394,0,10,1,3
394,0,10,2,3
394,0,10,3,3
394,0,10,4,3
394,0,10,5,3
394,0,10,6,3
394,0,10,7,3
394,0,10,8,3
394,0,10,9,3
394,0,10,10,3
394,0,10,11,3
394,0,10,12,3
394,0,10,13,3
394,0,10,14,3
394,0,10,15,3
394,0,10,16,3
394,0,10,17,3
394,0,10,18,3
394,0,10,19,3
394,0,10,20,3
394,0,10,21,3
394,0,10,22,3
394,0,10,23,3
394,0,10,24,3
394,0,10,25,3
394,0,10,26,3
394,0,10,27,3
394,0,10,28,3
394,0,10,29,3
394,0,10,30,3
394,0,10,31,3
394,0,10,32,3
394,0,10,33,3
394,0,10,34,3
394,0,10,35,3
394,0,10,36,3
394,0,10,37,3
394,0,10,38,3
394,0,10,39,3
394,0,10,40,3
394,0,10,41,3
394,0,10,42,3
394,0,10,43,3
394,0,10,44,3
394,0,10,45,3
394,0,10,46,3
394,0,10,47,3
394,0,10,48,3
394,0,10,49,3
394,0,10,50,3
394,0,10,51,3
394,0,10,52,3
394,0,10,53,3
394,0,10,54,3
394,0,10,55,3
394,0,10,56,3
394,0,10,57,3
394,0,10,58,3
394,0,10,59,3
394,0,10,60,3
394,0,10,61,3
394,0,10,62,3
394,0,10,63,3
394,0,10,64,3
394,0,10,65,3
394,0,10,66,3
394,0,10,67,3
394,0,10,68,3
394,0,10,69,3
394,0,10,70,3
394,0,10,71,3
394,0,10,72,3
394,0,18,0,3
394,0,18,1,3
394,0,18,2,3
394,0,18,3,3
394,0,18,4,3
394,0,18,5,3
394,0,18,6,3
394,0,18,7,3
394,0,18,8,3
394,0,18,9,3
394,0,18,10,3
394,0,18,11,3
394,0,18,12,3
394,0,18,13,3
394,0,18,14,3
394,0,18,15,3
394,0,18,16,3
394,0,18,17,3
394,0,18,18,3
394,0,18,19,3
394,0,18,20,3
394,0,18,21,3
394,0,18,22,3
394,0,18,23,3
394,0,18,24,3
394,0,18,25,3
394,0,18,26,3
394,0,18,27,3
394,0,18,28,3
394,0,18,29,3
394,0,18,30,3
394,0,18,31,3
394,0,18,32,3
394,0,18,33,3
394,0,18,34,3
394,0,18,35,3
394,0,18,36,3
394,0,18,37,3
394,0,18,38,3
394,0,18,39,3
394,0,18,40,3
394,0,18,41,3
394,0,18,42,3
394,0,18,43,3
394,0,18,44,3
394,0,18,45,3
394,0,18,46,3
394,0,18,47,3
394,0,18,48,3
394,0,18,49,3
394,0,18,50,3
394,0,18,51,3
394,0,18,52,3
394,0,18,53,3
394,0,18,54,3
394,0,18,55,3
394,0,18,56,3
394,0,18,57,3
394,0,18,58,3
394,0,18,59,3
394,0,18,60,3
394,0,18,61,3
394,0,18,62,3
394,0,18,63,3
394,0,18,64,3
394,0,18,65,3
394,0,18,66,3
394,0,18,67,3
394,0,18,68,3
394,0,18,69,3
394,0,18,70,3
394,0,18,71,3
394,0,18,72,3
394,0,26,0,1
394,0,26,1,1
394,0,26,2,1
394,0,26,3,1
394,0,26,4,1
394,0,26,5,1
394,0,26,6,1
394,0,26,7,1
394,0,26,8,1
394,0,26,9,1
394,0,26,10,1
394,0,26,11,1
394,0,26,12,1
394,0,26,13,1
394,0,26,14,1
394,0,26,15,1
394,0,26,16,1
394,0,26,17,1
394,0,26,18,1
394,0,26,19,1
394,0,26,20,1
394,0,26,21,1
394,0,26,22,1
394,0,26,23,3
394,0,26,24,1
394,0,26,25,1
394,0,26,26,1
394,0,26,27,1
394,0,26,28,1
394,0,26,29,1
394,0,26,30,1
394,0,26,31,1
394,0,26,32,1
394,0,26,33,1
394,0,26,34,1
394,0,26,35,1
394,0,26,36,1
394,0,26,37,1
394,0,26,38,1
394,0,26,39,1
394,0,26,40,1
394,0,26,41,1
394,0,26,42,1
394,0,26,43,1
394,0,26,44,1
394,0,26,45,1
394,0,26,46,1
394,0,26,47,1
394,0,26,48,1
394,0,26,49,9
394,0,26,50,1
394,0,26,51,1
394,0,26,52,0
394,0,26,53,1
394,0,26,54,1
394,0,26,55,1
394,0,26,56,1
394,0,26,57,1
394,0,26,58,0
394,0,26,59,0
394,0,26,60,1
394,0,26,61,1
394,0,26,62,3
394,0,26,63,1
394,0,26,64,1
394,0,26,65,1
394,0,26,66,1
394,0,26,67,1
394,0,26,68,1
394,0,26,69,1
394,0,26,70,0
394,0,26,71,9
394,0,26,72,10
75,1,10,0,3
75,1,10,1,3
75,1,10,2,3
75,1,10,3,3
75,1,10,4,3
75,1,10,5,3
75,1,10,6,3
75,1,10,7,3
75,1,10,8,3
75,1,10,9,3
75,1,10,10,3
75,1,10,11,3
75,1,10,12,3
75,1,10,13,3
75,1,10,14,3
75,1,10,15,3
75,1,10,16,3
75,1,10,17,3
75,1,10,18,3
75,1,10,19,3
75,1,10,20,3
75,1,10,21,3
75,1,10,22,3
75,1,10,23,3
75,1,10,24,3
75,1,10,25,3
75,1,10,26,3
75,1,10,27,3
75,1,10,28,3
75,1,10,29,3
75,1,10,30,3
75,1,10,31,3
75,1,10,32,3
75,1,10,33,3
75,1,10,34,3
75,1,10,35,3
75,1,10,36,3
75,1,10,37,3
75,1,10,38,3
75,1,10,39,3
75,1,10,40,3
75,1,10,41,3
75,1,10,42,3
75,1,10,43,3
75,1,10,44,3
75,1,10,45,3
75,1,10,46,3
75,1,10,47,3
75,1,10,48,3
75,1,10,49,3
75,1,10,50,3
75,1,10,51,3
75,1,10,52,3
75,1,10,53,3
75,1,10,54,3
75,1,10,55,3
75,1,10,56,3
75,1,10,57,3
75,1,10,58,3
75,1,10,59,3
75,1,10,60,3
75,1,10,61,3
75,1,10,62,3
75,1,10,63,3
75,1,10,64,3
75,1,10,65,3
75,1,10,66,3
75,1,10,67,3
75,1,10,68,3
75,1,10,69,3
75,1,10,70,3
75,1,10,71,3
75,1,10,72,3
75,1,10,73,3
75,1,10,74,3
75,1,10,75,3
75,1,10,76,3
75,1,10,77,3
75,1,10,78,3
75,1,10,79,3
75,1,18,0,3
75,1,18,1,3
75,1,18,2,3
75,1,18,3,3
75,1,18,4,3
75,1,18,5,3
75,1,18,6,3
75,1,18,7,3
75,1,18,8,3
75,1,18,9,3
75,1,18,10,3
75,1,18,11,3
75,1,18,12,3
75,1,18,13,3
75,1,18,14,3
75,1,18,15,3
75,1,18,16,3
75,1,18,17,3
75,1,18,18,3
75,1,18,19,3
75,1,18,20,3
75,1,18,21,3
75,1,18,22,3
75,1,18,23,3
75,1,18,24,3
75,1,18,25,3
75,1,18,26,3
75,1,18,27,3
75,1,18,28,3
75,1,18,29,3
75,1,18,30,3
75,1,18,31,3
75,1,18,32,3
75,1,18,33,3
75,1,18,34,3
75,1,18,35,3
75,1,18,36,3
75,1,18,37,3
75,1,18,38,3
75,1,18,39,3
75,1,18,40,3
75,1,18,41,3
75,1,18,42,3
75,1,18,43,3
75,1,18,44,3
75,1,18,45,3
75,1,18,46,3
75,1,18,47,3
75,1,18,48,3
75,1,18,49,3
75,1,18,50,3
75,1,18,51,3
75,1,18,52,3
75,1,18,53,3
75,1,18,54,3
75,1,18,55,3
75,1,18,56,3
75,1,18,57,3
75,1,18,58,3
75,1,18,59,3
75,1,18,60,3
75,1,18,61,3
75,1,18,62,3
75,1,18,63,3
75,1,18,64,3
75,1,18,65,3
75,1,18,66,3
75,1,18,67,3
75,1,18,68,3
75,1,18,69,3
75,1,18,70,3
75,1,18,71,3
75,1,18,72,3
75,1,18,73,3
75,1,18,74,3
75,1,18,75,3
75,1,18,76,3
75,1,18,77,3
75,1,18,78,3
75,1,18,79,3
75,1,26,0,3
75,1,26,1,4
75,1,26,2,4
75,1,26,3,4
75,1,26,4,4
75,1,26,5,4
75,1,26,6,0
75,1,26,7,4
75,1,26,8,4
75,1,26,9,3
75,1,26,10,0
75,1,26,11,4
75,1,26,12,4
75,1,26,13,4
75,1,26,14,0
75,1,26,15,0
75,1,26,16,0
75,1,26,17,0
75,1,26,18,0
75,1,26,19,0
75,1,26,20,0
75,1,26,21,0
75,1,26,22,4
75,1,26,23,4
75,1,26,24,0
75,1,26,25,0
75,1,26,26,4
75,1,26,27,0
75,1,26,28,4
75,1,26,29,0
75,1,26,30,4
75,1,26,31,4
75,1,26,32,4
75,1,26,33,0
75,1,26,34,4
75,1,26,35,0
75,1,26,36,4
75,1,26,37,4
75,1,26,38,0
75,1,26,39,0
75,1,26,40,4
75,1,26,41,0
75,1,26,42,4
75,1,26,43,4
75,1,26,44,0
75,1,26,45,4
75,1,26,46,0
75,1,26,47,0
75,1,26,48,9
75,1,26,49,4
75,1,26,50,0
75,1,26,51,4
75,1,26,52,4
75,1,26,53,0
75,1,26,54,0
75,1,26,55,4
75,1,26,56,0
75,1,26,57,4
75,1,26,58,4
75,1,26,59,0
75,1,26,60,4
75,1,26,61,0
75,1,26,62,4
75,1,26,63,0
75,1,26,64,0
75,1,26,65,0
75,1,26,66,0
75,1,26,67,0
75,1,26,68,0
75,1,26,69,4
75,1,26,70,0
75,1,26,71,0
75,1,26,72,4
75,1,26,73,0
75,1,26,74,9
75,1,26,75,4
75,1,26,76,0
75,1,26,77,0
75,1,26,78,4
75,1,26,79,4
413,1,10,0,3
413,1,10,1,3
413,1,10,2,3
413,1,10,3,3
413,1,10,4,3
413,1,10,5,3
413,1,10,6,3
413,1,10,7,3
413,1,10,8,3
413,1,10,9,3
413,1,10,10,3
413,1,10,11,3
413,1,10,12,3
413,1,10,13,3
413,1,10,14,3
413,1,10,15,3
413,1,10,16,3
413,1,10,17,3
413,1,10,18,3
413,1,10,19,3
413,1,18,0,3
413,1,18,1,3
413,1,18,2,3
413,1,18,3,3
413,1,18,4,3
413,1,18,5,3
413,1,18,6,3
413,1,18,7,3
413,1,18,8,3
413,1,18,9,3
413,1,18,10,3
413,1,18,11,3
413,1,18,12,3
413,1,18,13,3
413,1,18,14,3
413,1,18,15,3
413,1,18,16,3
413,1,18,17,3
413,1,18,18,3
413,1,18,19,3
413,1,26,0,3
413,1,26,1,3
413,1,26,2,9
413,1,26,3,0
413,1,26,4,0
413,1,26,5,4
413,1,26,6,4
413,1,26,7,0
413,1,26,8,4
413,1,26,9,4
413,1,26,10,4
413,1,26,11,0
413,1,26,12,4
413,1,26,13,4
413,1,26,14,4
413,1,26,15,3
413,1,26,16,3
413,1,26,17,0
413,1,26,18,9
413,1,26,19,10
621,0,10,0,3
621,0,10,1,3
621,0,10,2,3
621,0,10,3,3
621,0,10,4,3
621,0,10,5,3
621,0,10,6,3
621,0,10,7,3
621,0,10,8,3
621,0,10,9,3
621,0,10,10,3
621,0,10,11,3
621,0,10,12,3
621,0,10,13,3
621,0,10,14,3
621,0,10,15,3
621,0,10,16,3
621,0,10,17,3
621,0,10,18,3
621,0,10,19,3
621,0,18,0,3
621,0,18,1,3
621,0,18,2,3
621,0,18,3,3
621,0,18,4,3
621,0,18,5,3
621,0,18,6,3
621,0,18,7,3
621,0,18,8,3
621,0,18,9,3
621,0,18,10,3
621,0,18,11,3
621,0,18,12,3
621,0,18,13,3
621,0,18,14,3
621,0,18,15,3
621,0,18,16,3
621,0,18,17,3
621,0,18,18,3
621,0,18,19,3
621,0,26,0,0
621,0,26,1,0
621,0,26,2,0
621,0,26,3,3
621,0,26,4,3
621,0,26,5,3
621,0,26,6,0
621,0,26,7,3
621,0,26,8,0
621,0,26,9,0
621,0,26,10,0
621,0,26,11,0
621,0,26,12,0
621,0,26,13,3
621,0,26,14,3
621,0,26,15,3
621,0,26,16,3
621,0,26,17,0
621,0,26,18,9
621,0,26,19,10
345,1,10,0,3
345,1,10,1,3
345,1,10,2,3
345,1,10,3,3
345,1,10,4,3
345,1,10,5,3
345,1,10,6,3
345,1,10,7,3
345,1,10,8,3
345,1,10,9,3
345,1,10,10,3
345,1,10,11,3
345,1,10,12,3
345,1,10,13,3
345,1,10,14,3
345,1,10,15,3
345,1,10,16,3
345,1,10,17,3
345,1,10,18,3
345,1,10,19,3
345,1,10,20,3
345,1,10,21,3
345,1,10,22,3
345,1,10,23,3
345,1,10,24,3
345,1,10,25,3
345,1,10,26,3
345,1,10,27,3
345,1,10,28,3
345,1,10,29,3
345,1,10,30,3
345,1,10,31,3
345,1,10,32,3
345,1,10,33,3
345,1,10,34,3
345,1,10,35,3
345,1,10,36,3
345,1,10,37,3
345,1,10,38,3
345,1,10,39,3
345,1,10,40,3
345,1,10,41,3
345,1,10,42,3
345,1,10,43,3
345,1,10,44,3
345,1,10,45,3
345,1,10,46,3
345,1,10,47,3
345,1,10,48,3
345,1,10,49,3
345,1,10,50,3
345,1,10,51,3
345,1,10,52,3
345,1,10,53,3
345,1,10,54,3
345,1,10,55,3
345,1,10,56,3
345,1,10,57,3
345,1,10,58,3
345,1,10,59,3
345,1,10,60,3
345,1,10,61,3
345,1,10,62,3
345,1,10,63,3
345,1,10,64,3
345,1,10,65,3
345,1,10,66,3
345,1,10,67,3
345,1,10,68,3
345,1,10,69,3
345,1,10,70,3
345,1,10,71,3
345,1,10,72,3
345,1,10,73,3
345,1,10,74,3
345,1,18,0,3
345,1,18,1,3
345,1,18,2,3
345,1,18,3,3
345,1,18,4,3
345,1,18,5,3
345,1,18,6,3
345,1,18,7,3
345,1,18,8,3
345,1,18,9,3
345,1,18,10,3
345,1,18,11,3
345,1,18,12,3
345,1,18,13,3
345,1,18,14,3
345,1,18,15,3
345,1,18,16,3
345,1,18,17,3
345,1,18,18,3
345,1,18,19,3
345,1,18,20,3
345,1,18,21,3
345,1,18,22,3
345,1,18,23,3
345,1,18,24,3
345,1,18,25,3
345,1,18,26,3
345,1,18,27,3
345,1,18,28,3
345,1,18,29,3
345,1,18,30,3
345,1,18,31,3
345,1,18,32,3
345,1,18,33,3
345,1,18,34,3
345,1,18,35,3
345,1,18,36,3
345,1,18,37,3
345,1,18,38,3
345,1,18,39,3
345,1,18,40,3
345,1,18,41,3
345,1,18,42,3
345,1,18,43,3
345,1,18,44,3
345,1,18,45,3
345,1,18,46,3
345,1,18,47,3
345,1,18,48,3
345,1,18,49,3
345,1,18,50,3
345,1,18,51,3
345,1,18,52,3
345,1,18,53,3
345,1,18,54,3
345,1,18,55,3
345,1,18,56,3
345,1,18,57,3
345,1,18,58,3
345,1,18,59,3
345,1,18,60,3
345,1,18,61,3
345,1,18,62,3
345,1,18,63,3
345,1,18,64,3
345,1,18,65,3
345,1,18,66,3
345,1,18,67,3
345,1,18,68,3
345,1,18,69,3
345,1,18,70,3
345,1,18,71,3
345,1,18,72,3
345,1,18,73,3
345,1,18,74,3
345,1,26,0,5
345,1,26,1,2
345,1,26,2,2
345,1,26,3,0
345,1,26,4,5
345,1,26,5,0
345,1,26,6,5
345,1,26,7,5
345,1,26,8,5
345,1,26,9,0
345,1,26,10,5
345,1,26,11,5
345,1,26,12,5
345,1,26,13,5
345,1,26,14,5
345,1,26,15,5
345,1,26,16,5
345,1,26,17,5
345,1,26,18,2
345,1,26,19,0
345,1,26,20,5
345,1,26,21,2
345,1,26,22,0
345,1,26,23,5
345,1,26,24,0
345,1,26,25,5
345,1,26,26,5
345,1,26,27,0
345,1,26,28,5
345,1,26,29,0
345,1,26,30,5
345,1,26,31,5
345,1,26,32,0
345,1,26,33,5
345,1,26,34,5
345,1,26,35,5
345,1,26,36,5
345,1,26,37,5
345,1,26,38,5
345,1,26,39,5
345,1,26,40,4
345,1,26,41,5
345,1,26,42,5
345,1,26,43,0
345,1,26,44,0
345,1,26,45,0
345,1,26,46,0
345,1,26,47,0
345,1,26,48,0
345,1,26,49,5
345,1,26,50,5
345,1,26,51,5
345,1,26,52,5
345,1,26,53,0
345,1,26,54,9
345,1,26,55,0
345,1,26,56,0
345,1,26,57,0
345,1,26,58,5
345,1,26,59,5
345,1,26,60,5
345,1,26,61,5
345,1,26,62,5
345,1,26,63,0
345,1,26,64,5
345,1,26,65,0
345,1,26,66,5
345,1,26,67,5
345,1,26,68,5
345,1,26,69,5
345,1,26,70,5
345,1,26,71,5
345,1,26,72,0
345,1,26,73,9
345,1,26,74,10
199,1,10,0,3
199,1,10,1,3
199,1,10,2,3
199,1,10,3,3
199,1,10,4,3
199,1,10,5,3
199,1,10,6,3
199,1,10,7,3
199,1,10,8,3
199,1,10,9,3
199,1,18,0,3
199,1,18,1,3
199,1,18,2,3
199,1,18,3,3
199,1,18,4,3
199,1,18,5,3
199,1,18,6,3
199,1,18,7,3
199,1,18,8,3
199,1,18,9,3
199,1,26,0,3
199,1,26,1,9
199,1,26,2,4
199,1,26,3,4
199,1,26,4,4
199,1,26,5,4
199,1,26,6,4
199,1,26,7,0
199,1,26,8,9
199,1,26,9,10
513,0,10,0,3
513,0,10,1,3
513,0,10,2,3
513,0,10,3,3
513,0,10,4,3
513,0,10,5,3
513,0,10,6,3
513,0,10,7,3
513,0,10,8,3
513,0,10,9,3
513,0,10,10,3
513,0,10,11,3
513,0,10,12,3
513,0,10,13,3
513,0,10,14,3
513,0,10,15,3
513,0,10,16,3
513,0,10,17,3
513,0,10,18,3
513,0,10,19,3
513,0,10,20,3
513,0,10,21,3
513,0,10,22,3
513,0,10,23,3
513,0,10,24,3
513,0,10,25,3
513,0,10,26,3
513,0,10,27,3
513,0,10,28,3
513,0,10,29,3
513,0,10,30,3
513,0,10,31,3
513,0,10,32,3
513,0,10,33,3
513,0,10,34,3
513,0,10,35,3
513,0,10,36,3
513,0,10,37,3
513,0,10,38,3
513,0,10,39,3
513,0,10,40,3
513,0,10,41,3
513,0,10,42,3
513,0,10,43,3
513,0,10,44,3
513,0,10,45,3
513,0,10,46,3
513,0,10,47,3
513,0,10,48,3
513,0,10,49,3
513,0,10,50,3
513,0,10,51,3
513,0,10,52,3
513,0,10,53,3
513,0,10,54,3
513,0,10,55,3
513,0,10,56,3
513,0,10,57,3
513,0,10,58,3
513,0,10,59,3
513,0,10,60,3
513,0,18,0,3
513,0,18,1,3
513,0,18,2,3
513,0,18,3,3
513,0,18,4,3
513,0,18,5,3
513,0,18,6,3
513,0,18,7,3
513,0,18,8,3
513,0,18,9,3
513,0,18,10,3
513,0,18,11,3
513,0,18,12,3
513,0,18,13,3
513,0,18,14,3
513,0,18,15,3
513,0,18,16,3
513,0,18,17,3
513,0,18,18,3
513,0,18,19,3
513,0,18,20,3
513,0,18,21,3
513,0,18,22,3
513,0,18,23,3
513,0,18,24,3
513,0,18,25,3
513,0,18,26,3
513,0,18,27,3
513,0,18,28,3
513,0,18,29,3
513,0,18,30,3
513,0,18,31,3
513,0,18,32,3
513,0,18,33,3
513,0,18,34,3
513,0,18,35,3
513,0,18,36,3
513,0,18,37,3
513,0,18,38,3
513,0,18,39,3
513,0,18,40,3
513,0,18,41,3
513,0,18,42,3
513,0,18,43,3
513,0,18,44,3
513,0,18,45,3
513,0,18,46,3
513,0,18,47,3
513,0,18,48,3
513,0,18,49,3
513,0,18,50,3
513,0,18,51,3
513,0,18,52,3
513,0,18,53,3
513,0,18,54,3
513,0,18,55,3
513,0,18,56,3
513,0,18,57,3
513,0,18,58,3
513,0,18,59,3
513,0,18,60,3
513,0,26,0,9
513,0,26,1,2
513,0,26,2,2
513,0,26,3,2
513,0,26,4,2
513,0,26,5,2
513,0,26,6,2
513,0,26,7,2
513,0,26,8,2
513,0,26,9,2
513,0,26,10,2
513,0,26,11,2
513,0,26,12,2
513,0,26,13,2
513,0,26,14,2
513,0,26,15,2
513,0,26,16,2
513,0,26,17,2
513,0,26,18,2
513,0,26,19,2
513,0,26,20,2
513,0,26,21,2
513,0,26,22,2
513,0,26,23,2
513,0,26,24,2
513,0,26,25,2
513,0,26,26,9
513,0,26,27,0
513,0,26,28,2
513,0,26,29,2
513,0,26,30,2
513,0,26,31,2
513,0,26,32,2
513,0,26,33,2
513,0,26,34,2
513,0,26,35,2
513,0,26,36,2
513,0,26,37,2
513,0,26,38,2
513,0,26,39,2
513,0,26,40,2
513,0,26,41,2
513,0,26,42,2
513,0,26,43,2
513,0,26,44,2
513,0,26,45,2
513,0,26,46,2
513,0,26,47,2
513,0,26,48,2
513,0,26,49,2
513,0,26,50,0
513,0,26,51,2
513,0,26,52,0
513,0,26,53,2
513,0,26,54,0
513,0,26,55,2
513,0,26,56,2
513,0,26,57,2
513,0,26,58,2
513,0,26,59,9
513,0,26,60,10
724,1,10,0,3
724,1,10,1,3
724,1,10,2,3
724,1,10,3,3
724,1,10,4,3
724,1,10,5,3
724,1,10,6,3
724,1,10,7,3
724,1,10,8,3
724,1,10,9,3
724,1,10,10,3
724,1,10,11,3
724,1,10,12,3
724,1,10,13,3
724,1,10,14,3
724,1,10,15,3
724,1,10,16,3
724,1,10,17,3
724,1,10,18,3
724,1,10,19,3
724,1,10,20,3
724,1,10,21,3
724,1,10,22,3
724,1,10,23,3
724,1,10,24,3
724,1,10,25,3
724,1,10,26,3
724,1,10,27,3
724,1,10,28,3
724,1,10,29,3
724,1,10,30,3
724,1,10,31,3
724,1,10,32,3
724,1,10,33,3
724,1,10,34,3
724,1,10,35,3
724,1,10,36,3
724,1,18,0,3
724,1,18,1,3
724,1,18,2,3
724,1,18,3,3
724,1,18,4,3
724,1,18,5,3
724,1,18,6,3
724,1,18,7,3
724,1,18,8,3
724,1,18,9,3
724,1,18,10,3
724,1,18,11,3
724,1,18,12,3
724,1,18,13,3
724,1,18,14,3
724,1,18,15,3
724,1,18,16,3
724,1,18,17,3
724,1,18,18,3
724,1,18,19,3
724,1,18,20,3
724,1,18,21,3
724,1,18,22,3
724,1,18,23,3
724,1,18,24,3
724,1,18,25,3
724,1,18,26,3
724,1,18,27,3
724,1,18,28,3
724,1,18,29,3
724,1,18,30,3
724,1,18,31,3
724,1,18,32,3
724,1,18,33,3
724,1,18,34,3
724,1,18,35,3
724,1,18,36,3
724,1,26,0,4
724,1,26,1,2
724,1,26,2,2
724,1,26,3,0
724,1,26,4,4
724,1,26,5,4
724,1,26,6,3
724,1,26,7,0
724,1,26,8,4
724,1,26,9,0
724,1,26,10,4
724,1,26,11,4
724,1,26,12,0
724,1,26,13,4
724,1,26,14,4
724,1,26,15,4
724,1,26,16,0
724,1,26,17,4
724,1,26,18,0
724,1,26,19,4
724,1,26,20,4
724,1,26,21,0
724,1,26,22,9
724,1,26,23,0
724,1,26,24,4
724,1,26,25,0
724,1,26,26,4
724,1,26,27,4
724,1,26,28,4
724,1,26,29,4
724,1,26,30,0
724,1,26,31,4
724,1,26,32,4
724,1,26,33,4
724,1,26,34,0
724,1,26,35,9
724,1,26,36,10
637,1,10,0,3
637,1,10,1,3
637,1,10,2,3
637,1,10,3,3
637,1,10,4,3
637,1,10,5,3
637,1,10,6,3
637,1,10,7,3
637,1,10,8,3
637,1,10,9,3
637,1,10,10,3
637,1,10,11,3
637,1,10,12,3
637,1,10,13,3
637,1,10,14,3
637,1,10,15,3
637,1,10,16,3
637,1,10,17,3
637,1,10,18,3
637,1,10,19,3
637,1,18,0,3
637,1,18,1,3
637,1,18,2,3
637,1,18,3,3
637,1,18,4,3
637,1,18,5,3
637,1,18,6,3
637,1,18,7,3
637,1,18,8,3
637,1,18,9,3
637,1,18,10,3
637,1,18,11,3
637,1,18,12,3
637,1,18,13,3
637,1,18,14,3
637,1,18,15,3
637,1,18,16,3
637,1,18,17,3
637,1,18,18,3
637,1,18,19,3
637,1,26,0,4
637,1,26,1,3
637,1,26,2,3
637,1,26,3,4
637,1,26,4,4
637,1,26,5,4
637,1,26,6,4
637,1,26,7,0
637,1,26,8,0
637,1,26,9,4
637,1,26,10,0
637,1,26,11,4
637,1,26,12,4
637,1,26,13,0
637,1,26,14,4
637,1,26,15,4
637,1,26,16,4
637,1,26,17,0
637,1,26,18,9
637,1,26,19,10
376,0,10,0,3
376,0,10,1,3
376,0,10,2,3
376,0,10,3,3
376,0,10,4,3
376,0,10,5,3
376,0,10,6,3
376,0,10,7,3
376,0,10,8,3
376,0,10,9,3
376,0,10,10,3
376,0,10,11,3
376,0,10,12,3
376,0,10,13,3
376,0,10,14,3
376,0,10,15,3
376,0,10,16,3
376,0,10,17,3
376,0,10,18,3
376,0,10,19,3
376,0,10,20,3
376,0,10,21,3
376,0,10,22,3
376,0,10,23,3
376,0,10,24,3
376,0,10,25,3
376,0,10,26,3
376,0,10,27,3
376,0,10,28,3
376,0,10,29,3
376,0,10,30,3
376,0,10,31,3
376,0,10,32,3
376,0,10,33,3
376,0,10,34,3
376,0,10,35,3
376,0,10,36,3
376,0,10,37,3
376,0,10,38,3
376,0,10,39,3
376,0,10,40,3
376,0,10,41,3
376,0,10,42,3
376,0,10,43,3
376,0,10,44,3
376,0,10,45,3
376,0,10,46,3
376,0,10,47,3
376,0,10,48,3
376,0,10,49,3
376,0,10,50,3
376,0,10,51,3
376,0,10,52,3
376,0,10,53,3
376,0,10,54,3
376,0,10,55,3
376,0,10,56,3
376,0,10,57,3
376,0,10,58,3
376,0,10,59,3
376,0,10,60,3
376,0,10,61,3
376,0,10,62,3
376,0,10,63,3
376,0,10,64,3
376,0,10,65,3
376,0,10,66,3
376,0,10,67,3
376,0,10,68,3
376,0,10,69,3
376,0,10,70,3
376,0,10,71,3
376,0,10,72,3
376,0,10,73,3
376,0,10,74,3
376,0,10,75,3
376,0,10,76,3
376,0,10,77,3
376,0,10,78,3
376,0,10,79,3
376,0,18,0,3
376,0,18,1,3
376,0,18,2,3
376,0,18,3,3
376,0,18,4,3
376,0,18,5,3
376,0,18,6,3
376,0,18,7,3
376,0,18,8,3
376,0,18,9,3
376,0,18,10,3
376,0,18,11,3
376,0,18,12,3
376,0,18,13,3
376,0,18,14,3
376,0,18,15,3
376,0,18,16,3
376,0,18,17,3
376,0,18,18,3
376,0,18,19,3
376,0,18,20,3
376,0,18,21,3
376,0,18,22,3
376,0,18,23,3
376,0,18,24,3
376,0,18,25,3
376,0,18,26,3
376,0,18,27,3
376,0,18,28,3
376,0,18,29,3
376,0,18,30,3
376,0,18,31,3
376,0,18,32,3
376,0,18,33,3
376,0,18,34,3
376,0,18,35,3
376,0,18,36,3
376,0,18,37,3
376,0,18,38,3
376,0,18,39,3
376,0,18,40,3
376,0,18,41,3
376,0,18,42,3
376,0,18,43,3
376,0,18,44,3
376,0,18,45,3
376,0,18,46,3
376,0,18,47,3
376,0,18,48,3
376,0,18,49,3
376,0,18,50,3
376,0,18,51,3
376,0,18,52,3
376,0,18,53,3
376,0,18,54,3
376,0,18,55,3
376,0,18,56,3
376,0,18,57,3
376,0,18,58,3
376,0,18,59,3
376,0,18,60,3
376,0,18,61,3
376,0,18,62,3
376,0,18,63,3
376,0,18,64,3
376,0,18,65,3
376,0,18,66,3
376,0,18,67,3
376,0,18,68,3
376,0,18,69,3
376,0,18,70,3
376,0,18,71,3
376,0,18,72,3
376,0,18,73,3
376,0,18,74,3
376,0,18,75,3
376,0,18,76,3
376,0,18,77,3
376,0,18,78,3
376,0,18,79,3
376,0,26,0,6
376,0,26,1,6
376,0,26,2,0
376,0,26,3,2
376,0,26,4,6
376,0,26,5,2
376,0,26,6,2
376,0,26,7,6
376,0,26,8,6
376,0,26,9,6
376,0,26,10,6
376,0,26,11,0
376,0,26,12,6
376,0,26,13,0
376,0,26,14,6
376,0,26,15,6
376,0,26,16,0
376,0,26,17,6
376,0,26,18,6
376,0,26,19,6
376,0,26,20,6
376,0,26,21,6
376,0,26,22,6
376,0,26,23,0
376,0,26,24,9
376,0,26,25,0
376,0,26,26,6
376,0,26,27,6
376,0,26,28,2
376,0,26,29,6
376,0,26,30,6
376,0,26,31,6
376,0,26,32,4
376,0,26,33,6
376,0,26,34,6
376,0,26,35,6
376,0,26,36,6
376,0,26,37,6
376,0,26,38,6
376,0,26,39,0
376,0,26,40,9
376,0,26,41,0
376,0,26,42,0
376,0,26,43,0
376,0,26,44,6
376,0,26,45,6
376,0,26,46,6
376,0,26,47,6
376,0,26,48,6
376,0,26,49,6
376,0,26,50,6
376,0,26,51,6
376,0,26,52,6
376,0,26,53,0
376,0,26,54,3
376,0,26,55,6
376,0,26,56,0
376,0,26,57,6
376,0,26,58,6
376,0,26,59,6
376,0,26,60,6
376,0,26,61,6
376,0,26,62,6
376,0,26,63,6
376,0,26,64,6
376,0,26,65,6
376,0,26,66,6
376,0,26,67,0
376,0,26,68,0
376,0,26,69,0
376,0,26,70,0
376,0,26,71,0
376,0,26,72,0
376,0,26,73,6
376,0,26,74,6
376,0,26,75,0
376,0,26,76,0
376,0,26,77,0
376,0,26,78,0
376,0,26,79,2
324,0,10,0,3
324,0,10,1,3
324,0,10,2,3
324,0,10,3,3
324,0,10,4,3
324,0,10,5,3
324,0,10,6,3
324,0,10,7,3
324,0,10,8,3
324,0,10,9,3
324,0,10,10,3
324,0,10,11,3
324,0,10,12,3
324,0,10,13,3
324,0,10,14,3
324,0,10,15,3
324,0,10,16,3
324,0,10,17,3
324,0,10,18,3
324,0,10,19,3
324,0,10,20,3
324,0,10,21,3
324,0,10,22,3
324,0,10,23,3
324,0,10,24,3
324,0,10,25,3
324,0,10,26,3
324,0,10,27,3
324,0,10,28,3
324,0,10,29,3
324,0,10,30,3
324,0,10,31,3
324,0,10,32,3
324,0,10,33,3
324,0,10,34,3
324,0,10,35,3
324,0,10,36,3
324,0,10,37,3
324,0,10,38,3
324,0,10,39,3
324,0,10,40,3
324,0,10,41,3
324,0,10,42,3
324,0,10,43,3
324,0,10,44,3
324,0,10,45,3
324,0,10,46,3
324,0,10,47,3
324,0,10,48,3
324,0,10,49,3
324,0,10,50,3
324,0,10,51,3
324,0,10,52,3
324,0,10,53,3
324,0,18,0,3
324,0,18,1,3
324,0,18,2,3
324,0,18,3,3
324,0,18,4,3
324,0,18,5,3
324,0,18,6,3
324,0,18,7,3
324,0,18,8,3
324,0,18,9,3
324,0,18,10,3
324,0,18,11,3
324,0,18,12,3
324,0,18,13,3
324,0,18,14,3
324,0,18,15,3
324,0,18,16,3
324,0,18,17,3
324,0,18,18,3
324,0,18,19,3
324,0,18,20,3
324,0,18,21,3
324,0,18,22,3
324,0,18,23,3
324,0,18,24,3
324,0,18,25,3
324,0,18,26,3
324,0,18,27,3
324,0,18,28,3
324,0,18,29,3
324,0,18,30,3
324,0,18,31,3
324,0,18,32,3
324,0,18,33,3
324,0,18,34,3
324,0,18,35,3
324,0,18,36,3
324,0,18,37,3
324,0,18,38,3
324,0,18,39,3
324,0,18,40,3
324,0,18,41,3
324,0,18,42,3
324,0,18,43,3
324,0,18,44,3
324,0,18,45,3
324,0,18,46,3
324,0,18,47,3
324,0,18,48,3
324,0,18,49,3
324,0,18,50,3
324,0,18,51,3
324,0,18,52,3
324,0,18,53,3
324,0,26,0,3
324,0,26,1,2
324,0,26,2,2
324,0,26,3,2
324,0,26,4,2
324,0,26,5,2
324,0,26,6,2
324,0,26,7,2
324,0,26,8,0
324,0,26,9,2
324,0,26,10,2
324,0,26,11,2
324,0,26,12,2
324,0,26,13,2
324,0,26,14,2
324,0,26,15,2
324,0,26,16,2
324,0,26,17,2
324,0,26,18,2
324,0,26,19,2
324,0,26,20,2
324,0,26,21,2
324,0,26,22,2
324,0,26,23,2
324,0,26,24,2
324,0,26,25,2
324,0,26,26,2
324,0,26,27,9
324,0,26,28,2
324,0,26,29,2
324,0,26,30,2
324,0,26,31,2
324,0,26,32,0
324,0,26,33,0
324,0,26,34,0
324,0,26,35,2
324,0,26,36,2
324,0,26,37,2
324,0,26,38,2
324,0,26,39,2
324,0,26,40,2
324,0,26,41,2
324,0,26,42,2
324,0,26,43,2
324,0,26,44,2
324,0,26,45,2
324,0,26,46,2
324,0,26,47,2
324,0,26,48,2
324,0,26,49,2
324,0,26,50,2
324,0,26,51,2
324,0,26,52,9
324,0,26,53,10
62,1,10,0,3
62,1,10,1,3
62,1,10,2,3
62,1,10,3,3
62,1,10,4,3
62,1,10,5,3
62,1,10,6,3
62,1,10,7,3
62,1,10,8,3
62,1,10,9,3
62,1,10,10,3
62,1,10,11,3
62,1,10,12,3
62,1,10,13,3
62,1,10,14,3
62,1,10,15,3
62,1,10,16,3
62,1,10,17,3
62,1,10,18,3
62,1,10,19,3
62,1,10,20,3
62,1,10,21,3
62,1,10,22,3
62,1,10,23,3
62,1,10,24,3
62,1,10,25,3
62,1,10,26,3
62,1,18,0,3
62,1,18,1,3
62,1,18,2,3
62,1,18,3,3
62,1,18,4,3
62,1,18,5,3
62,1,18,6,3
62,1,18,7,3
62,1,18,8,3
62,1,18,9,3
62,1,18,10,3
62,1,18,11,3
62,1,18,12,3
62,1,18,13,3
62,1,18,14,3
62,1,18,15,3
62,1,18,16,3
62,1,18,17,3
62,1,18,18,3
62,1,18,19,3
62,1,18,20,3
62,1,18,21,3
62,1,18,22,3
62,1,18,23,3
62,1,18,24,3
62,1,18,25,3
62,1,18,26,3
62,1,26,0,3
62,1,26,1,4
62,1,26,2,0
62,1,26,3,4
62,1,26,4,4
62,1,26,5,3
62,1,26,6,4
62,1,26,7,4
62,1,26,8,4
62,1,26,9,4
62,1,26,10,3
62,1,26,11,0
62,1,26,12,4
62,1,26,13,4
62,1,26,14,4
62,1,26,15,4
62,1,26,16,3
62,1,26,17,3
62,1,26,18,3
62,1,26,19,3
62,1,26,20,4
62,1,26,21,3
62,1,26,22,0
62,1,26,23,4
62,1,26,24,0
62,1,26,25,9
62,1,26,26,10
83,0,10,0,3
83,0,10,1,3
83,0,10,2,3
83,0,10,3,3
83,0,10,4,3
83,0,10,5,3
83,0,10,6,3
83,0,10,7,3
83,0,10,8,3
83,0,10,9,3
83,0,10,10,3
83,0,10,11,3
83,0,10,12,3
83,0,10,13,3
83,0,10,14,3
83,0,10,15,3
83,0,10,16,3
83,0,10,17,3
83,0,10,18,3
83,0,10,19,3
83,0,10,20,3
83,0,10,21,3
83,0,10,22,3
83,0,10,23,3
83,0,10,24,3
83,0,10,25,3
83,0,10,26,3
83,0,10,27,3
83,0,10,28,3
83,0,10,29,3
83,0,10,30,3
83,0,10,31,3
83,0,10,32,3
83,0,10,33,3
83,0,10,34,3
83,0,10,35,3
83,0,10,36,3
83,0,10,37,3
83,0,10,38,3
83,0,10,39,3
83,0,10,40,3
83,0,10,41,3
83,0,10,42,3
83,0,10,43,3
83,0,10,44,3
83,0,10,45,3
83,0,10,46,3
83,0,10,47,3
83,0,10,48,3
83,0,18,0,3
83,0,18,1,3
83,0,18,2,3
83,0,18,3,3
83,0,18,4,3
83,0,18,5,3
83,0,18,6,3
83,0,18,7,3
83,0,18,8,3
83,0,18,9,3
83,0,18,10,3
83,0,18,11,3
83,0,18,12,3
83,0,18,13,3
83,0,18,14,3
83,0,18,15,3
83,0,18,16,3
83,0,18,17,3
83,0,18,18,3
83,0,18,19,3
83,0,18,20,3
83,0,18,21,3
83,0,18,22,3
83,0,18,23,3
83,0,18,24,3
83,0,18,25,3
83,0,18,26,3
83,0,18,27,3
83,0,18,28,3
83,0,18,29,3
83,0,18,30,3
83,0,18,31,3
83,0,18,32,3
83,0,18,33,3
83,0,18,34,3
83,0,18,35,3
83,0,18,36,3
83,0,18,37,3
83,0,18,38,3
83,0,18,39,3
83,0,18,40,3
83,0,18,41,3
83,0,18,42,3
83,0,18,43,3
83,0,18,44,3
83,0,18,45,3
83,0,18,46,3
83,0,18,47,3
83,0,18,48,3
83,0,26,0,4
83,0,26,1,4
83,0,26,2,4
83,0,26,3,4
83,0,26,4,4
83,0,26,5,4
83,0,26,6,4
83,0,26,7,4
83,0,26,8,0
83,0,26,9,4
83,0,26,10,4
83,0,26,11,4
83,0,26,12,0
83,0,26,13,8
83,0,26,14,8
83,0,26,15,8
83,0,26,16,8
83,0,26,17,0
83,0,26,18,8
83,0,26,19,0
83,0,26,20,4
83,0,26,21,0
83,0,26,22,4
83,0,26,23,0
83,0,26,24,0
83,0,26,25,9
83,0,26,26,0
83,0,26,27,4
83,0,26,28,0
83,0,26,29,4
83,0,26,30,4
83,0,26,31,4
83,0,26,32,4
83,0,26,33,4
83,0,26,34,0
83,0,26,35,4
83,0,26,36,4
83,0,26,37,4
83,0,26,38,0
83,0,26,39,0
83,0,26,40,4
83,0,26,41,4
83,0,26,42,4
83,0,26,43,4
83,0,26,44,4
83,0,26,45,0
83,0,26,46,0
83,0,26,47,9
83,0,26,48,10
282,0,10,0,3
282,0,10,1,3
282,0,10,2,3
282,0,10,3,3
282,0,10,4,3
282,0,10,5,3
282,0,10,6,3
282,0,10,7,3
282,0,10,8,3
282,0,10,9,3
282,0,10,10,3
282,0,10,11,3
282,0,10,12,3
282,0,10,13,3
282,0,10,14,3
282,0,10,15,3
282,0,10,16,3
282,0,10,17,3
282,0,10,18,3
282,0,10,19,3
282,0,10,20,3
282,0,10,21,3
282,0,10,22,3
282,0,10,23,3
282,0,10,24,3
282,0,10,25,3
282,0,10,26,3
282,0,10,27,3
282,0,10,28,3
282,0,10,29,3
282,0,10,30,3
282,0,10,31,3
282,0,18,0,3
282,0,18,1,3
282,0,18,2,3
282,0,18,3,3
282,0,18,4,3
282,0,18,5,3
282,0,18,6,3
282,0,18,7,3
282,0,18,8,3
282,0,18,9,3
282,0,18,10,3
282,0,18,11,3
282,0,18,12,3
282,0,18,13,3
282,0,18,14,3
282,0,18,15,3
282,0,18,16,3
282,0,18,17,3
282,0,18,18,3
282,0,18,19,3
282,0,18,20,3
282,0,18,21,3
282,0,18,22,3
282,0,18,23,3
282,0,18,24,3
282,0,18,25,3
282,0,18,26,3
282,0,18,27,3
282,0,18,28,3
282,0,18,29,3
282,0,18,30,3
282,0,18,31,3
282,0,26,0,9
282,0,26,1,0
282,0,26,2,0
282,0,26,3,0
282,0,26,4,0
282,0,26,5,0
282,0,26,6,3
282,0,26,7,3
282,0,26,8,0
282,0,26,9,0
282,0,26,10,0
282,0,26,11,0
282,0,26,12,0
282,0,26,13,0
282,0,26,14,0
282,0,26,15,0
282,0,26,16,0
282,0,26,17,9
282,0,26,18,0
282,0,26,19,0
282,0,26,20,3
282,0,26,21,3
282,0,26,22,0
282,0,26,23,0
282,0,26,24,0
282,0,26,25,0
282,0,26,26,4
282,0,26,27,3
282,0,26,28,0
282,0,26,29,0
282,0,26,30,9
282,0,26,31,10
488,0,10,0,3
488,0,10,1,3
488,0,10,2,3
488,0,10,3,3
488,0,10,4,3
488,0,10,5,3
488,0,10,6,3
488,0,10,7,3
488,0,10,8,3
488,0,10,9,3
488,0,10,10,3
488,0,10,11,3
488,0,10,12,3
488,0,10,13,3
488,0,10,14,3
488,0,10,15,3
488,0,10,16,3
488,0,10,17,3
488,0,10,18,3
488,0,10,19,3
488,0,10,20,3
488,0,10,21,3
488,0,10,22,3
488,0,10,23,3
488,0,10,24,3
488,0,10,25,3
488,0,10,26,3
488,0,10,27,3
488,0,10,28,3
488,0,10,29,3
488,0,10,30,3
488,0,10,31,3
488,0,10,32,3
488,0,10,33,3
488,0,10,34,3
488,0,10,35,3
488,0,10,36,3
488,0,10,37,3
488,0,10,38,3
488,0,10,39,3
488,0,10,40,3
488,0,10,41,3
488,0,10,42,3
488,0,10,43,3
488,0,10,44,3
488,0,10,45,3
488,0,10,46,3
488,0,10,47,3
488,0,10,48,3
488,0,10,49,3
488,0,10,50,3
488,0,10,51,3
488,0,10,52,3
488,0,10,53,3
488,0,10,54,3
488,0,10,55,3
488,0,10,56,3
488,0,10,57,3
488,0,10,58,3
488,0,10,59,3
488,0,10,60,3
488,0,10,61,3
488,0,10,62,3
488,0,10,63,3
488,0,10,64,3
488,0,10,65,3
488,0,10,66,3
488,0,10,67,3
488,0,18,0,3
488,0,18,1,3
488,0,18,2,3
488,0,18,3,3
488,0,18,4,3
488,0,18,5,3
488,0,18,6,3
488,0,18,7,3
488,0,18,8,3
488,0,18,9,3
488,0,18,10,3
488,0,18,11,3
488,0,18,12,3
488,0,18,13,3
488,0,18,14,3
488,0,18,15,3
488,0,18,16,3
488,0,18,17,3
488,0,18,18,3
488,0,18,19,3
488,0,18,20,3
488,0,18,21,3
488,0,18,22,3
488,0,18,23,3
488,0,18,24,3
488,0,18,25,3
488,0,18,26,3
488,0,18,27,3
488,0,18,28,3
488,0,18,29,3
488,0,18,30,3
488,0,18,31,3
488,0,18,32,3
488,0,18,33,3
488,0,18,34,3
488,0,18,35,3
488,0,18,36,3
488,0,18,37,3
488,0,18,38,3
488,0,18,39,3
488,0,18,40,3
488,0,18,41,3
488,0,18,42,3
488,0,18,43,3
488,0,18,44,3
488,0,18,45,3
488,0,18,46,3
488,0,18,47,3
488,0,18,48,3
488,0,18,49,3
488,0,18,50,3
488,0,18,51,3
488,0,18,52,3
488,0,18,53,3
488,0,18,54,3
488,0,18,55,3
488,0,18,56,3
488,0,18,57,3
488,0,18,58,3
488,0,18,59,3
488,0,18,60,3
488,0,18,61,3
488,0,18,62,3
488,0,18,63,3
488,0,18,64,3
488,0,18,65,3
488,0,18,66,3
488,0,18,67,3
488,0,26,0,4
488,0,26,1,4
488,0,26,2,0
488,0,26,3,4
488,0,26,4,4
488,0,26,5,4
488,0,26,6,4
488,0,26,7,4
488,0,26,8,4
488,0,26,9,0
488,0,26,10,4
488,0,26,11,0
488,0,26,12,0
488,0,26,13,0
488,0,26,14,4
488,0,26,15,0
488,0,26,16,0
488,0,26,17,4
488,0,26,18,0
488,0,26,19,4
488,0,26,20,4
488,0,26,21,4
488,0,26,22,4
488,0,26,23,4
488,0,26,24,0
488,0,26,25,4
488,0,26,26,4
488,0,26,27,0
488,0,26,28,4
488,0,26,29,0
488,0,26,30,4
488,0,26,31,0
488,0,26,32,9
488,0,26,33,0
488,0,26,34,4
488,0,26,35,4
488,0,26,36,0
488,0,26,37,0
488,0,26,38,0
488,0,26,39,4
488,0,26,40,4
488,0,26,41,0
488,0,26,42,4
488,0,26,43,4
488,0,26,44,0
488,0,26,45,0
488,0,26,46,9
488,0,26,47,4
488,0,26,48,0
488,0,26,49,4
488,0,26,50,4
488,0,26,51,0
488,0,26,52,0
488,0,26,53,0
488,0,26,54,0
488,0,26,55,4
488,0,26,56,4
488,0,26,57,0
488,0,26,58,0
488,0,26,59,4
488,0,26,60,0
488,0,26,61,4
488,0,26,62,4
488,0,26,63,3
488,0,26,64,4
488,0,26,65,0
488,0,26,66,9
488,0,26,67,10
383,1,10,0,3
383,1,10,1,3
383,1,10,2,3
383,1,10,3,3
383,1,10,4,3
383,1,10,5,3
383,1,10,6,3
383,1,10,7,3
383,1,10,8,3
383,1,10,9,3
383,1,10,10,3
383,1,10,11,3
383,1,10,12,3
383,1,10,13,3
383,1,10,14,3
383,1,10,15,3
383,1,10,16,3
383,1,10,17,3
383,1,10,18,3
383,1,10,19,3
383,1,10,20,3
383,1,10,21,3
383,1,10,22,3
383,1,10,23,3
383,1,10,24,3
383,1,10,25,3
383,1,10,26,3
383,1,10,27,3
383,1,10,28,3
383,1,10,29,3
383,1,10,30,3
383,1,10,31,3
383,1,10,32,3
383,1,10,33,3
383,1,10,34,3
383,1,10,35,3
383,1,10,36,3
383,1,10,37,3
383,1,10,38,3
383,1,10,39,3
383,1,10,40,3
383,1,10,41,3
383,1,10,42,3
383,1,10,43,3
383,1,10,44,3
383,1,10,45,3
383,1,10,46,3
383,1,10,47,3
383,1,10,48,3
383,1,10,49,3
383,1,10,50,3
383,1,10,51,3
383,1,10,52,3
383,1,10,53,3
383,1,10,54,3
383,1,10,55,3
383,1,10,56,3
383,1,10,57,3
383,1,18,0,3
383,1,18,1,3
383,1,18,2,3
383,1,18,3,3
383,1,18,4,3
383,1,18,5,3
383,1,18,6,3
383,1,18,7,3
383,1,18,8,3
383,1,18,9,3
383,1,18,10,3
383,1,18,11,3
383,1,18,12,3
383,1,18,13,3
383,1,18,14,3
383,1,18,15,3
383,1,18,16,3
383,1,18,17,3
383,1,18,18,3
383,1,18,19,3
383,1,18,20,3
383,1,18,21,3
383,1,18,22,3
383,1,18,23,3
383,1,18,24,3
383,1,18,25,3
383,1,18,26,3
383,1,18,27,3
383,1,18,28,3
383,1,18,29,3
383,1,18,30,3
383,1,18,31,3
383,1,18,32,3
383,1,18,33,3
383,1,18,34,3
383,1,18,35,3
383,1,18,36,3
383,1,18,37,3
383,1,18,38,3
383,1,18,39,3
383,1,18,40,3
383,1,18,41,3
383,1,18,42,3
383,1,18,43,3
383,1,18,44,3
383,1,18,45,3
383,1,18,46,3
383,1,18,47,3
383,1,18,48,3
383,1,18,49,3
383,1,18,50,3
383,1,18,51,3
383,1,18,52,3
383,1,18,53,3
383,1,18,54,3
383,1,18,55,3
383,1,18,56,3
383,1,18,57,3
383,1,26,0,4
383,1,26,1,4
383,1,26,2,0
383,1,26,3,4
383,1,26,4,0
383,1,26,5,4
383,1,26,6,4
383,1,26,7,0
383,1,26,8,4
383,1,26,9,4
383,1,26,10,0
383,1,26,11,0
383,1,26,12,0
383,1,26,13,4
383,1,26,14,0
383,1,26,15,4
383,1,26,16,4
383,1,26,17,0
383,1,26,18,4
383,1,26,19,3
383,1,26,20,3
383,1,26,21,0
383,1,26,22,4
383,1,26,23,0
383,1,26,24,4
383,1,26,25,2
383,1,26,26,0
383,1,26,27,0
383,1,26,28,0
383,1,26,29,4
383,1,26,30,0
383,1,26,31,4
383,1,26,32,4
383,1,26,33,0
383,1,26,34,9
383,1,26,35,0
383,1,26,36,0
383,1,26,37,0
383,1,26,38,0
383,1,26,39,0
383,1,26,40,0
383,1,26,41,4
383,1,26,42,0
383,1,26,43,0
383,1,26,44,0
383,1,26,45,0
383,1,26,46,0
383,1,26,47,0
383,1,26,48,0
383,1,26,49,4
383,1,26,50,0
383,1,26,51,0
383,1,26,52,0
383,1,26,53,0
383,1,26,54,0
383,1,26,55,0
383,1,26,56,9
383,1,26,57,10
249,0,10,0,3
249,0,10,1,3
249,0,10,2,3
249,0,10,3,3
249,0,10,4,3
249,0,10,5,3
249,0,10,6,3
249,0,10,7,3
249,0,10,8,3
249,0,10,9,3
249,0,10,10,3
249,0,10,11,3
249,0,10,12,3
249,0,10,13,3
249,0,10,14,3
249,0,10,15,3
249,0,10,16,3
249,0,10,17,3
249,0,10,18,3
249,0,10,19,3
249,0,10,20,3
249,0,10,21,3
249,0,10,22,3
249,0,10,23,3
249,0,10,24,3
249,0,10,25,3
249,0,10,26,3
249,0,10,27,3
249,0,10,28,3
249,0,10,29,3
249,0,10,30,3
249,0,10,31,3
249,0,10,32,3
249,0,10,33,3
249,0,10,34,3
249,0,10,35,3
249,0,10,36,3
249,0,10,37,3
249,0,10,38,3
249,0,10,39,3
249,0,10,40,3
249,0,10,41,3
249,0,10,42,3
249,0,10,43,3
249,0,10,44,3
249,0,10,45,3
249,0,10,46,3
249,0,10,47,3
249,0,18,0,3
249,0,18,1,3
249,0,18,2,3
249,0,18,3,3
249,0,18,4,3
249,0,18,5,3
249,0,18,6,3
249,0,18,7,3
249,0,18,8,3
249,0,18,9,3
249,0,18,10,3
249,0,18,11,3
249,0,18,12,3
249,0,18,13,3
249,0,18,14,3
249,0,18,15,3
249,0,18,16,3
249,0,18,17,3
249,0,18,18,3
249,0,18,19,3
249,0,18,20,3
249,0,18,21,3
249,0,18,22,3
249,0,18,23,3
249,0,18,24,3
249,0,18,25,3
249,0,18,26,3
249,0,18,27,3
249,0,18,28,3
249,0,18,29,3
249,0,18,30,3
249,0,18,31,3
249,0,18,32,3
249,0,18,33,3
249,0,18,34,3
249,0,18,35,3
249,0,18,36,3
249,0,18,37,3
249,0,18,38,3
249,0,18,39,3
249,0,18,40,3
249,0,18,41,3
249,0,18,42,3
249,0,18,43,3
249,0,18,44,3
249,0,18,45,3
249,0,18,46,3
249,0,18,47,3
249,0,26,0,3
249,0,26,1,0
249,0,26,2,0
249,0,26,3,0
249,0,26,4,0
249,0,26,5,0
249,0,26,6,0
249,0,26,7,0
249,0,26,8,0
249,0,26,9,9
249,0,26,10,0
249,0,26,11,0
249,0,26,12,0
249,0,26,13,0
249,0,26,14,0
249,0,26,15,0
249,0,26,16,0
249,0,26,17,0
249,0,26,18,3
249,0,26,19,0
249,0,26,20,0
249,0,26,21,0
249,0,26,22,0
249,0,26,23,0
249,0,26,24,0
249,0,26,25,0
249,0,26,26,4
249,0,26,27,0
249,0,26,28,0
249,0,26,29,0
249,0,26,30,0
249,0,26,31,0
249,0,26,32,0
249,0,26,33,3
249,0,26,34,0
249,0,26,35,9
249,0,26,36,0
249,0,26,37,0
249,0,26,38,0
249,0,26,39,0
249,0,26,40,0
249,0,26,41,4
249,0,26,42,0
249,0,26,43,0
249,0,26,44,4
249,0,26,45,0
249,0,26,46,9
249,0,26,47,10
19,0,10,0,3
19,0,10,1,3
19,0,10,2,3
19,0,10,3,3
19,0,10,4,3
19,0,10,5,3
19,0,10,6,3
19,0,10,7,3
19,0,10,8,3
19,0,10,9,3
19,0,10,10,3
19,0,10,11,3
19,0,10,12,3
19,0,10,13,3
19,0,10,14,3
19,0,10,15,3
19,0,10,16,3
19,0,10,17,3
19,0,10,18,3
19,0,10,19,3
19,0,10,20,3
19,0,10,21,3
19,0,10,22,3
19,0,10,23,3
19,0,10,24,3
19,0,10,25,3
19,0,10,26,3
19,0,10,27,3
19,0,10,28,3
19,0,10,29,3
19,0,10,30,3
19,0,10,31,3
19,0,10,32,3
19,0,10,33,3
19,0,10,34,3
19,0,10,35,3
19,0,10,36,3
19,0,10,37,3
19,0,10,38,3
19,0,10,39,3
19,0,10,40,3
19,0,10,41,3
19,0,10,42,3
19,0,10,43,3
19,0,10,44,3
19,0,10,45,3
19,0,10,46,3
19,0,10,47,3
19,0,10,48,3
19,0,10,49,3
19,0,10,50,3
19,0,10,51,3
19,0,10,52,3
19,0,10,53,3
19,0,10,54,3
19,0,10,55,3
19,0,10,56,3
19,0,10,57,3
19,0,10,58,3
19,0,10,59,3
19,0,10,60,3
19,0,10,61,3
19,0,10,62,3
19,0,10,63,3
19,0,18,0,3
19,0,18,1,3
19,0,18,2,3
19,0,18,3,3
19,0,18,4,3
19,0,18,5,3
19,0,18,6,3
19,0,18,7,3
19,0,18,8,3
19,0,18,9,3
19,0,18,10,3
19,0,18,11,3
19,0,18,12,3
19,0,18,13,3
19,0,18,14,3
19,0,18,15,3
19,0,18,16,3
19,0,18,17,3
19,0,18,18,3
19,0,18,19,3
19,0,18,20,3
19,0,18,21,3
19,0,18,22,3
19,0,18,23,3
19,0,18,24,3
19,0,18,25,3
19,0,18,26,3
19,0,18,27,3
19,0,18,28,3
19,0,18,29,3
19,0,18,30,3
19,0,18,31,3
19,0,18,32,3
19,0,18,33,3
19,0,18,34,3
19,0,18,35,3
19,0,18,36,3
19,0,18,37,3
19,0,18,38,3
19,0,18,39,3
19,0,18,40,3
19,0,18,41,3
19,0,18,42,3
19,0,18,43,3
19,0,18,44,3
19,0,18,45,3
19,0,18,46,3
19,0,18,47,3
19,0,18,48,3
19,0,18,49,3
19,0,18,50,3
19,0,18,51,3
19,0,18,52,3
19,0,18,53,3
19,0,18,54,3
19,0,18,55,3
19,0,18,56,3
19,0,18,57,3
19,0,18,58,3
19,0,18,59,3
19,0,18,60,3
19,0,18,61,3
19,0,18,62,3
19,0,18,63,3
19,0,26,0,8
19,0,26,1,8
19,0,26,2,8
19,0,26,3,0
19,0,26,4,8
19,0,26,5,8
19,0,26,6,8
19,0,26,7,8
19,0,26,8,8
19,0,26,9,8
19,0,26,10,8
19,0,26,11,8
19,0,26,12,8
19,0,26,13,8
19,0,26,14,8
19,0,26,15,0
19,0,26,16,9
19,0,26,17,0
19,0,26,18,8
19,0,26,19,8
19,0,26,20,8
19,0,26,21,8
19,0,26,22,3
19,0,26,23,11
19,0,26,24,8
19,0,26,25,11
19,0,26,26,8
19,0,26,27,8
19,0,26,28,8
19,0,26,29,8
19,0,26,30,8
19,0,26,31,8
19,0,26,32,0
19,0,26,33,8
19,0,26,34,8
19,0,26,35,8
19,0,26,36,8
19,0,26,37,8
19,0,26,38,8
19,0,26,39,0
19,0,26,40,9
19,0,26,41,4
19,0,26,42,4
19,0,26,43,0
19,0,26,44,8
19,0,26,45,8
19,0,26,46,8
19,0,26,47,8
19,0,26,48,8
19,0,26,49,0
19,0,26,50,0
19,0,26,51,8
19,0,26,52,8
19,0,26,53,8
19,0,26,54,8
19,0,26,55,0
19,0,26,56,8
19,0,26,57,8
19,0,26,58,0
19,0,26,59,8
19,0,26,60,8
19,0,26,61,0
19,0,26,62,9
19,0,26,63,10
352,1,10,0,3
352,1,10,1,3
352,1,10,2,3
352,1,10,3,3
352,1,10,4,3
352,1,10,5,3
352,1,10,6,3
352,1,10,7,3
352,1,10,8,3
352,1,10,9,3
352,1,10,10,3
352,1,10,11,3
352,1,10,12,3
352,1,10,13,3
352,1,10,14,3
352,1,10,15,3
352,1,10,16,3
352,1,10,17,3
352,1,10,18,3
352,1,10,19,3
352,1,10,20,3
352,1,10,21,3
352,1,10,22,3
352,1,10,23,3
352,1,10,24,3
352,1,10,25,3
352,1,10,26,3
352,1,10,27,3
352,1,10,28,3
352,1,10,29,3
352,1,10,30,3
352,1,10,31,3
352,1,10,32,3
352,1,10,33,3
352,1,10,34,3
352,1,10,35,3
352,1,10,36,3
352,1,10,37,3
352,1,10,38,3
352,1,10,39,3
352,1,10,40,3
352,1,10,41,3
352,1,10,42,3
352,1,10,43,3
352,1,10,44,3
352,1,10,45,3
352,1,10,46,3
352,1,10,47,3
352,1,10,48,3
352,1,10,49,3
352,1,10,50,3
352,1,10,51,3
352,1,10,52,3
352,1,10,53,3
352,1,10,54,3
352,1,10,55,3
352,1,10,56,3
352,1,10,57,3
352,1,18,0,3
352,1,18,1,3
352,1,18,2,3
352,1,18,3,3
352,1,18,4,3
352,1,18,5,3
352,1,18,6,3
352,1,18,7,3
352,1,18,8,3
352,1,18,9,3
352,1,18,10,3
352,1,18,11,3
352,1,18,12,3
352,1,18,13,3
352,1,18,14,3
352,1,18,15,3
352,1,18,16,3
352,1,18,17,3
352,1,18,18,3
352,1,18,19,3
352,1,18,20,3
352,1,18,21,3
352,1,18,22,3
352,1,18,23,3
352,1,18,24,3
352,1,18,25,3
352,1,18,26,3
352,1,18,27,3
352,1,18,28,3
352,1,18,29,3
352,1,18,30,3
352,1,18,31,3
352,1,18,32,3
352,1,18,33,3
352,1,18,34,3
352,1,18,35,3
352,1,18,36,3
352,1,18,37,3
352,1,18,38,3
352,1,18,39,3
352,1,18,40,3
352,1,18,41,3
352,1,18,42,3
352,1,18,43,3
352,1,18,44,3
352,1,18,45,3
352,1,18,46,3
352,1,18,47,3
352,1,18,48,3
352,1,18,49,3
352,1,18,50,3
352,1,18,51,3
352,1,18,52,3
352,1,18,53,3
352,1,18,54,3
352,1,18,55,3
352,1,18,56,3
352,1,18,57,3
352,1,26,0,4
352,1,26,1,4
352,1,26,2,0
352,1,26,3,4
352,1,26,4,4
352,1,26,5,4
352,1,26,6,4
352,1,26,7,4
352,1,26,8,4
352,1,26,9,4
352,1,26,10,2
352,1,26,11,3
352,1,26,12,4
352,1,26,13,2
352,1,26,14,2
352,1,26,15,2
352,1,26,16,2
352,1,26,17,2
352,1,26,18,2
352,1,26,19,2
352,1,26,20,0
352,1,26,21,0
352,1,26,22,4
352,1,26,23,0
352,1,26,24,9
352,1,26,25,4
352,1,26,26,4
352,1,26,27,4
352,1,26,28,4
352,1,26,29,4
352,1,26,30,0
352,1,26,31,4
352,1,26,32,4
352,1,26,33,4
352,1,26,34,4
352,1,26,35,0
352,1,26,36,4
352,1,26,37,4
352,1,26,38,0
352,1,26,39,4
352,1,26,40,0
352,1,26,41,9
352,1,26,42,4
352,1,26,43,4
352,1,26,44,4
352,1,26,45,0
352,1,26,46,4
352,1,26,47,4
352,1,26,48,4
352,1,26,49,4
352,1,26,50,0
352,1,26,51,3
352,1,26,52,3
352,1,26,53,3
352,1,26,54,3
352,1,26,55,0
352,1,26,56,9
352,1,26,57,10
105,0,10,0,3
105,0,10,1,3
105,0,10,2,3
105,0,10,3,3
105,0,10,4,3
105,0,10,5,3
105,0,10,6,3
105,0,10,7,3
105,0,10,8,3
105,0,10,9,3
105,0,10,10,3
105,0,10,11,3
105,0,10,12,3
105,0,10,13,3
105,0,10,14,3
105,0,10,15,3
105,0,10,16,3
105,0,10,17,3
105,0,10,18,3
105,0,10,19,3
105,0,10,20,3
105,0,10,21,3
105,0,10,22,3
105,0,10,23,3
105,0,10,24,3
105,0,10,25,3
105,0,10,26,3
105,0,10,27,3
105,0,10,28,3
105,0,10,29,3
105,0,10,30,3
105,0,10,31,3
105,0,10,32,3
105,0,10,33,3
105,0,10,34,3
105,0,10,35,3
105,0,10,36,3
105,0,10,37,3
105,0,10,38,3
105,0,10,39,3
105,0,10,40,3
105,0,10,41,3
105,0,10,42,3
105,0,10,43,3
105,0,10,44,3
105,0,10,45,3
105,0,10,46,3
105,0,10,47,3
105,0,10,48,3
105,0,10,49,3
105,0,18,0,3
105,0,18,1,3
105,0,18,2,3
105,0,18,3,3
105,0,18,4,3
105,0,18,5,3
105,0,18,6,3
105,0,18,7,3
105,0,18,8,3
105,0,18,9,3
105,0,18,10,3
105,0,18,11,3
105,0,18,12,3
105,0,18,13,3
105,0,18,14,3
105,0,18,15,3
105,0,18,16,3
105,0,18,17,3
105,0,18,18,3
105,0,18,19,3
105,0,18,20,3
105,0,18,21,3
105,0,18,22,3
105,0,18,23,3
105,0,18,24,3
105,0,18,25,3
105,0,18,26,3
105,0,18,27,3
105,0,18,28,3
105,0,18,29,3
105,0,18,30,3
105,0,18,31,3
105,0,18,32,3
105,0,18,33,3
105,0,18,34,3
105,0,18,35,3
105,0,18,36,3
105,0,18,37,3
105,0,18,38,3
105,0,18,39,3
105,0,18,40,3
105,0,18,41,3
105,0,18,42,3
105,0,18,43,3
105,0,18,44,3
105,0,18,45,3
105,0,18,46,3
105,0,18,47,3
105,0,18,48,3
105,0,18,49,3
105,0,26,0,0
105,0,26,1,0
105,0,26,2,0
105,0,26,3,0
105,0,26,4,0
105,0,26,5,0
105,0,26,6,0
105,0,26,7,0
105,0,26,8,0
105,0,26,9,0
105,0,26,10,0
105,0,26,11,0
105,0,26,12,0
105,0,26,13,0
105,0,26,14,0
105,0,26,15,0
105,0,26,16,9
105,0,26,17,0
105,0,26,18,0
105,0,26,19,0
105,0,26,20,0
105,0,26,21,0
105,0,26,22,0
105,0,26,23,0
105,0,26,24,0
105,0,26,25,0
105,0,26,26,0
105,0,26,27,0
105,0,26,28,0
105,0,26,29,0
105,0,26,30,0
105,0,26,31,0
105,0,26,32,0
105,0,26,33,0
105,0,26,34,0
105,0,26,35,9
105,0,26,36,0
105,0,26,37,0
105,0,26,38,0
105,0,26,39,0
105,0,26,40,0
105,0,26,41,0
105,0,26,42,0
105,0,26,43,0
105,0,26,44,0
105,0,26,45,0
105,0,26,46,0
105,0,26,47,0
105,0,26,48,9
105,0,26,49,10
634,0,10,0,3
634,0,10,1,3
634,0,10,2,3
634,0,10,3,3
634,0,10,4,3
634,0,10,5,3
634,0,10,6,3
634,0,10,7,3
634,0,10,8,3
634,0,10,9,3
634,0,10,10,3
634,0,10,11,3
634,0,10,12,3
634,0,10,13,3
634,0,10,14,3
634,0,10,15,3
634,0,10,16,3
634,0,10,17,3
634,0,10,18,3
634,0,10,19,3
634,0,10,20,3
634,0,10,21,3
634,0,10,22,3
634,0,10,23,3
634,0,10,24,3
634,0,10,25,3
634,0,10,26,3
634,0,10,27,3
634,0,10,28,3
634,0,10,29,3
634,0,10,30,3
634,0,10,31,3
634,0,10,32,3
634,0,10,33,3
634,0,10,34,3
634,0,10,35,3
634,0,10,36,3
634,0,10,37,3
634,0,10,38,3
634,0,10,39,3
634,0,10,40,3
634,0,10,41,3
634,0,10,42,3
634,0,10,43,3
634,0,10,44,3
634,0,10,45,3
634,0,10,46,3
634,0,10,47,3
634,0,10,48,3
634,0,18,0,3
634,0,18,1,3
634,0,18,2,3
634,0,18,3,3
634,0,18,4,3
634,0,18,5,3
634,0,18,6,3
634,0,18,7,3
634,0,18,8,3
634,0,18,9,3
634,0,18,10,3
634,0,18,11,3
634,0,18,12,3
634,0,18,13,3
634,0,18,14,3
634,0,18,15,3
634,0,18,16,3
634,0,18,17,3
634,0,18,18,3
634,0,18,19,3
634,0,18,20,3
634,0,18,21,3
634,0,18,22,3
634,0,18,23,3
634,0,18,24,3
634,0,18,25,3
634,0,18,26,3
634,0,18,27,3
634,0,18,28,3
634,0,18,29,3
634,0,18,30,3
634,0,18,31,3
634,0,18,32,3
634,0,18,33,3
634,0,18,34,3
634,0,18,35,3
634,0,18,36,3
634,0,18,37,3
634,0,18,38,3
634,0,18,39,3
634,0,18,40,3
634,0,18,41,3
634,0,18,42,3
634,0,18,43,3
634,0,18,44,3
634,0,18,45,3
634,0,18,46,3
634,0,18,47,3
634,0,18,48,3
634,0,26,0,0
634,0,26,1,0
634,0,26,2,0
634,0,26,3,0
634,0,26,4,0
634,0,26,5,0
634,0,26,6,0
634,0,26,7,4
634,0,26,8,4
634,0,26,9,4
634,0,26,10,3
634,0,26,11,0
634,0,26,12,0
634,0,26,13,4
634,0,26,14,0
634,0,26,15,0
634,0,26,16,4
634,0,26,17,0
634,0,26,18,4
634,0,26,19,0
634,0,26,20,9
634,0,26,21,0
634,0,26,22,0
634,0,26,23,0
634,0,26,24,4
634,0,26,25,0
634,0,26,26,4
634,0,26,27,0
634,0,26,28,4
634,0,26,29,0
634,0,26,30,0
634,0,26,31,4
634,0,26,32,4
634,0,26,33,0
634,0,26,34,0
634,0,26,35,0
634,0,26,36,0
634,0,26,37,0
634,0,26,38,0
634,0,26,39,0
634,0,26,40,4
634,0,26,41,4
634,0,26,42,0
634,0,26,43,0
634,0,26,44,0
634,0,26,45,0
634,0,26,46,0
634,0,26,47,9
634,0,26,48,10
111,0,10,0,3
111,0,10,1,3
111,0,10,2,3
111,0,10,3,3
111,0,10,4,3
111,0,10,5,3
111,0,10,6,3
111,0,10,7,3
111,0,10,8,3
111,0,10,9,3
111,0,10,10,3
111,0,10,11,3
111,0,10,12,3
111,0,10,13,3
111,0,10,14,3
111,0,10,15,3
111,0,10,16,3
111,0,10,17,3
111,0,10,18,3
111,0,10,19,3
111,0,10,20,3
111,0,10,21,3
111,0,10,22,3
111,0,10,23,3
111,0,10,24,3
111,0,10,25,3
111,0,10,26,3
111,0,10,27,3
111,0,10,28,3
111,0,10,29,3
111,0,10,30,3
111,0,10,31,3
111,0,10,32,3
111,0,10,33,3
111,0,10,34,3
111,0,10,35,3
111,0,10,36,3
111,0,10,37,3
111,0,10,38,3
111,0,10,39,3
111,0,10,40,3
111,0,10,41,3
111,0,10,42,3
111,0,10,43,3
111,0,10,44,3
111,0,10,45,3
111,0,10,46,3
111,0,10,47,3
111,0,10,48,3
111,0,10,49,3
111,0,10,50,3
111,0,10,51,3
111,0,10,52,3
111,0,10,53,3
111,0,18,0,3
111,0,18,1,3
111,0,18,2,3
111,0,18,3,3
111,0,18,4,3
111,0,18,5,3
111,0,18,6,3
111,0,18,7,3
111,0,18,8,3
111,0,18,9,3
111,0,18,10,3
111,0,18,11,3
111,0,18,12,3
111,0,18,13,3
111,0,18,14,3
111,0,18,15,3
111,0,18,16,3
111,0,18,17,3
111,0,18,18,3
111,0,18,19,3
111,0,18,20,3
111,0,18,21,3
111,0,18,22,3
111,0,18,23,3
111,0,18,24,3
111,0,18,25,3
111,0,18,26,3
111,0,18,27,3
111,0,18,28,3
111,0,18,29,3
111,0,18,30,3
111,0,18,31,3
111,0,18,32,3
111,0,18,33,3
111,0,18,34,3
111,0,18,35,3
111,0,18,36,3
111,0,18,37,3
111,0,18,38,3
111,0,18,39,3
111,0,18,40,3
111,0,18,41,3
111,0,18,42,3
111,0,18,43,3
111,0,18,44,3
111,0,18,45,3
111,0,18,46,3
111,0,18,47,3
111,0,18,48,3
111,0,18,49,3
111,0,18,50,3
111,0,18,51,3
111,0,18,52,3
111,0,18,53,3
111,0,26,0,0
111,0,26,1,6
111,0,26,2,0
111,0,26,3,6
111,0,26,4,6
111,0,26,5,6
111,0,26,6,6
111,0,26,7,2
111,0,26,8,0
111,0,26,9,6
111,0,26,10,6
111,0,26,11,6
111,0,26,12,6
111,0,26,13,6
111,0,26,14,6
111,0,26,15,6
111,0,26,16,6
111,0,26,17,6
111,0,26,18,6
111,0,26,19,6
111,0,26,20,6
111,0,26,21,6
111,0,26,22,6
111,0,26,23,6
111,0,26,24,0
111,0,26,25,9
111,0,26,26,0
111,0,26,27,6
111,0,26,28,0
111,0,26,29,0
111,0,26,30,0
111,0,26,31,0
111,0,26,32,2
111,0,26,33,0
111,0,26,34,2
111,0,26,35,0
111,0,26,36,2
111,0,26,37,2
111,0,26,38,0
111,0,26,39,9
111,0,26,40,0
111,0,26,41,0
111,0,26,42,0
111,0,26,43,0
111,0,26,44,4
111,0,26,45,6
111,0,26,46,0
111,0,26,47,6
111,0,26,48,6
111,0,26,49,6
111,0,26,50,6
111,0,26,51,0
111,0,26,52,9
111,0,26,53,10
177,1,10,0,3
177,1,10,1,3
177,1,10,2,3
177,1,10,3,3
177,1,10,4,3
177,1,10,5,3
177,1,10,6,3
177,1,10,7,3
177,1,10,8,3
177,1,10,9,3
177,1,10,10,3
177,1,10,11,3
177,1,10,12,3
177,1,10,13,3
177,1,10,14,3
177,1,10,15,3
177,1,10,16,3
177,1,10,17,3
177,1,10,18,3
177,1,10,19,3
177,1,10,20,3
177,1,10,21,3
177,1,10,22,3
177,1,10,23,3
177,1,10,24,3
177,1,10,25,3
177,1,10,26,3
177,1,10,27,3
177,1,10,28,3
177,1,10,29,3
177,1,10,30,3
177,1,10,31,3
177,1,10,32,3
177,1,10,33,3
177,1,10,34,3
177,1,10,35,3
177,1,10,36,3
177,1,10,37,3
177,1,10,38,3
177,1,10,39,3
177,1,10,40,3
177,1,10,41,3
177,1,10,42,3
177,1,10,43,3
177,1,10,44,3
177,1,10,45,3
177,1,10,46,3
177,1,10,47,3
177,1,10,48,3
177,1,10,49,3
177,1,10,50,3
177,1,10,51,3
177,1,10,52,3
177,1,10,53,3
177,1,10,54,3
177,1,10,55,3
177,1,10,56,3
177,1,10,57,3
177,1,10,58,3
177,1,10,59,3
177,1,10,60,3
177,1,10,61,3
177,1,10,62,3
177,1,10,63,3
177,1,10,64,3
177,1,18,0,3
177,1,18,1,3
177,1,18,2,3
177,1,18,3,3
177,1,18,4,3
177,1,18,5,3
177,1,18,6,3
177,1,18,7,3
177,1,18,8,3
177,1,18,9,3
177,1,18,10,3
177,1,18,11,3
177,1,18,12,3
177,1,18,13,3
177,1,18,14,3
177,1,18,15,3
177,1,18,16,3
177,1,18,17,3
177,1,18,18,3
177,1,18,19,3
177,1,18,20,3
177,1,18,21,3
177,1,18,22,3
177,1,18,23,3
177,1,18,24,3
177,1,18,25,3
177,1,18,26,3
177,1,18,27,3
177,1,18,28,3
177,1,18,29,3
177,1,18,30,3
177,1,18,31,3
177,1,18,32,3
177,1,18,33,3
177,1,18,34,3
177,1,18,35,3
177,1,18,36,3
177,1,18,37,3
177,1,18,38,3
177,1,18,39,3
177,1,18,40,3
177,1,18,41,3
177,1,18,42,3
177,1,18,43,3
177,1,18,44,3
177,1,18,45,3
177,1,18,46,3
177,1,18,47,3
177,1,18,48,3
177,1,18,49,3
177,1,18,50,3
177,1,18,51,3
177,1,18,52,3
177,1,18,53,3
177,1,18,54,3
177,1,18,55,3
177,1,18,56,3
177,1,18,57,3
177,1,18,58,3
177,1,18,59,3
177,1,18,60,3
177,1,18,61,3
177,1,18,62,3
177,1,18,63,3
177,1,18,64,3
177,1,26,0,0
177,1,26,1,0
177,1,26,2,2
177,1,26,3,2
177,1,26,4,0
177,1,26,5,0
177,1,26,6,0
177,1,26,7,0
177,1,26,8,0
177,1,26,9,0
177,1,26,10,0
177,1,26,11,2
177,1,26,12,0
177,1,26,13,0
177,1,26,14,0
177,1,26,15,2
177,1,26,16,0
177,1,26,17,0
177,1,26,18,0
177,1,26,19,0
177,1,26,20,0
177,1,26,21,0
177,1,26,22,0
177,1,26,23,0
177,1,26,24,0
177,1,26,25,0
177,1,26,26,0
177,1,26,27,0
177,1,26,28,0
177,1,26,29,0
177,1,26,30,0
177,1,26,31,0
177,1,26,32,0
177,1,26,33,0
177,1,26,34,0
177,1,26,35,2
177,1,26,36,2
177,1,26,37,2
177,1,26,38,2
177,1,26,39,0
177,1,26,40,9
177,1,26,41,0
177,1,26,42,0
177,1,26,43,0
177,1,26,44,0
177,1,26,45,0
177,1,26,46,3
177,1,26,47,3
177,1,26,48,0
177,1,26,49,0
177,1,26,50,0
177,1,26,51,0
177,1,26,52,0
177,1,26,53,0
177,1,26,54,0
177,1,26,55,0
177,1,26,56,0
177,1,26,57,0
177,1,26,58,0
177,1,26,59,0
177,1,26,60,0
177,1,26,61,0
177,1,26,62,0
177,1,26,63,9
177,1,26,64,10
52,0,10,0,3
52,0,10,1,3
52,0,10,2,3
52,0,10,3,3
52,0,10,4,3
52,0,10,5,3
52,0,10,6,3
52,0,10,7,3
52,0,10,8,3
52,0,10,9,3
52,0,10,10,3
52,0,10,11,3
52,0,10,12,3
52,0,10,13,3
52,0,10,14,3
52,0,10,15,3
52,0,10,16,3
52,0,10,17,3
52,0,10,18,3
52,0,10,19,3
52,0,10,20,3
52,0,10,21,3
52,0,10,22,3
52,0,10,23,3
52,0,10,24,3
52,0,10,25,3
52,0,10,26,3
52,0,10,27,3
52,0,10,28,3
52,0,10,29,3
52,0,10,30,3
52,0,10,31,3
52,0,10,32,3
52,0,10,33,3
52,0,10,34,3
52,0,10,35,3
52,0,10,36,3
52,0,10,37,3
52,0,10,38,3
52,0,10,39,3
52,0,10,40,3
52,0,10,41,3
52,0,10,42,3
52,0,10,43,3
52,0,10,44,3
52,0,10,45,3
52,0,10,46,3
52,0,10,47,3
52,0,10,48,3
52,0,10,49,3
52,0,10,50,3
52,0,10,51,3
52,0,10,52,3
52,0,10,53,3
52,0,10,54,3
52,0,10,55,3
52,0,10,56,3
52,0,10,57,3
52,0,10,58,3
52,0,10,59,3
52,0,10,60,3
52,0,10,61,3
52,0,10,62,3
52,0,10,63,3
52,0,10,64,3
52,0,10,65,3
52,0,10,66,3
52,0,10,67,3
52,0,10,68,3
52,0,10,69,3
52,0,10,70,3
52,0,10,71,3
52,0,10,72,3
52,0,10,73,3
52,0,10,74,3
52,0,18,0,3
52,0,18,1,3
52,0,18,2,3
52,0,18,3,3
52,0,18,4,3
52,0,18,5,3
52,0,18,6,3
52,0,18,7,3
52,0,18,8,3
52,0,18,9,3
52,0,18,10,3
52,0,18,11,3
52,0,18,12,3
52,0,18,13,3
52,0,18,14,3
52,0,18,15,3
52,0,18,16,3
52,0,18,17,3
52,0,18,18,3
52,0,18,19,3
52,0,18,20,3
52,0,18,21,3
52,0,18,22,3
52,0,18,23,3
52,0,18,24,3
52,0,18,25,3
52,0,18,26,3
52,0,18,27,3
52,0,18,28,3
52,0,18,29,3
52,0,18,30,3
52,0,18,31,3
52,0,18,32,3
52,0,18,33,3
52,0,18,34,3
52,0,18,35,3
52,0,18,36,3
52,0,18,37,3
52,0,18,38,3
52,0,18,39,3
52,0,18,40,3
52,0,18,41,3
52,0,18,42,3
52,0,18,43,3
52,0,18,44,3
52,0,18,45,3
52,0,18,46,3
52,0,18,47,3
52,0,18,48,3
52,0,18,49,3
52,0,18,50,3
52,0,18,51,3
52,0,18,52,3
52,0,18,53,3
52,0,18,54,3
52,0,18,55,3
52,0,18,56,3
52,0,18,57,3
52,0,18,58,3
52,0,18,59,3
52,0,18,60,3
52,0,18,61,3
52,0,18,62,3
52,0,18,63,3
52,0,18,64,3
52,0,18,65,3
52,0,18,66,3
52,0,18,67,3
52,0,18,68,3
52,0,18,69,3
52,0,18,70,3
52,0,18,71,3
52,0,18,72,3
52,0,18,73,3
52,0,18,74,3
52,0,26,0,0
52,0,26,1,0
52,0,26,2,0
52,0,26,3,4
52,0,26,4,4
52,0,26,5,4
52,0,26,6,4
52,0,26,7,4
52,0,26,8,0
52,0,26,9,4
52,0,26,10,4
52,0,26,11,0
52,0,26,12,4
52,0,26,13,4
52,0,26,14,0
52,0,26,15,4
52,0,26,16,4
52,0,26,17,4
52,0,26,18,0
52,0,26,19,0
52,0,26,20,0
52,0,26,21,0
52,0,26,22,0
52,0,26,23,0
52,0,26,24,0
52,0,26,25,0
52,0,26,26,4
52,0,26,27,0
52,0,26,28,4
52,0,26,29,0
52,0,26,30,4
52,0,26,31,0
52,0,26,32,0
52,0,26,33,4
52,0,26,34,4
52,0,26,35,0
52,0,26,36,4
52,0,26,37,0
52,0,26,38,4
52,0,26,39,0
52,0,26,40,4
52,0,26,41,0
52,0,26,42,4
52,0,26,43,4
52,0,26,44,4
52,0,26,45,0
52,0,26,46,4
52,0,26,47,0
52,0,26,48,4
52,0,26,49,0
52,0,26,50,4
52,0,26,51,0
52,0,26,52,0
52,0,26,53,0
52,0,26,54,4
52,0,26,55,4
52,0,26,56,0
52,0,26,57,9
52,0,26,58,3
52,0,26,59,0
52,0,26,60,4
52,0,26,61,0
52,0,26,62,0
52,0,26,63,0
52,0,26,64,4
52,0,26,65,4
52,0,26,66,0
52,0,26,67,0
52,0,26,68,0
52,0,26,69,4
52,0,26,70,0
52,0,26,71,4
52,0,26,72,0
52,0,26,73,9
52,0,26,74,10
347,1,10,0,3
347,1,10,1,3
347,1,10,2,3
347,1,10,3,3
347,1,10,4,3
347,1,10,5,3
347,1,10,6,3
347,1,10,7,3
347,1,10,8,3
347,1,10,9,3
347,1,10,10,3
347,1,10,11,3
347,1,10,12,3
347,1,10,13,3
347,1,10,14,3
347,1,10,15,3
347,1,10,16,3
347,1,10,17,3
347,1,10,18,3
347,1,10,19,3
347,1,10,20,3
347,1,10,21,3
347,1,10,22,3
347,1,10,23,3
347,1,10,24,3
347,1,10,25,3
347,1,10,26,3
347,1,10,27,3
347,1,10,28,3
347,1,10,29,3
347,1,10,30,3
347,1,10,31,3
347,1,10,32,3
347,1,10,33,3
347,1,10,34,3
347,1,10,35,3
347,1,10,36,3
347,1,10,37,3
347,1,10,38,3
347,1,10,39,3
347,1,18,0,3
347,1,18,1,3
347,1,18,2,3
347,1,18,3,3
347,1,18,4,3
347,1,18,5,3
347,1,18,6,3
347,1,18,7,3
347,1,18,8,3
347,1,18,9,3
347,1,18,10,3
347,1,18,11,3
347,1,18,12,3
347,1,18,13,3
347,1,18,14,3
347,1,18,15,3
347,1,18,16,3
347,1,18,17,3
347,1,18,18,3
347,1,18,19,3
347,1,18,20,3
347,1,18,21,3
347,1,18,22,3
347,1,18,23,3
347,1,18,24,3
347,1,18,25,3
347,1,18,26,3
347,1,18,27,3
347,1,18,28,3
347,1,18,29,3
347,1,18,30,3
347,1,18,31,3
347,1,18,32,3
347,1,18,33,3
347,1,18,34,3
347,1,18,35,3
347,1,18,36,3
347,1,18,37,3
347,1,18,38,3
347,1,18,39,3
347,1,26,0,5
347,1,26,1,0
347,1,26,2,5
347,1,26,3,0
347,1,26,4,5
347,1,26,5,5
347,1,26,6,5
347,1,26,7,5
347,1,26,8,5
347,1,26,9,5
347,1,26,10,5
347,1,26,11,5
347,1,26,12,5
347,1,26,13,5
347,1,26,14,5
347,1,26,15,5
347,1,26,16,9
347,1,26,17,5
347,1,26,18,5
347,1,26,19,5
347,1,26,20,5
347,1,26,21,3
347,1,26,22,3
347,1,26,23,3
347,1,26,24,3
347,1,26,25,5
347,1,26,26,5
347,1,26,27,5
347,1,26,28,5
347,1,26,29,5
347,1,26,30,5
347,1,26,31,5
347,1,26,32,5
347,1,26,33,5
347,1,26,34,5
347,1,26,35,0
347,1,26,36,5
347,1,26,37,5
347,1,26,38,9
347,1,26,39,10
224,1,10,0,3
224,1,10,1,3
224,1,10,2,3
224,1,10,3,3
224,1,10,4,3
224,1,10,5,3
224,1,10,6,3
224,1,10,7,3
224,1,10,8,3
224,1,10,9,3
224,1,10,10,3
224,1,10,11,3
224,1,10,12,3
224,1,10,13,3
224,1,10,14,3
224,1,10,15,3
224,1,10,16,3
224,1,10,17,3
224,1,10,18,3
224,1,10,19,3
224,1,10,20,3
224,1,10,21,3
224,1,10,22,3
224,1,10,23,3
224,1,10,24,3
224,1,10,25,3
224,1,10,26,3
224,1,10,27,3
224,1,10,28,3
224,1,10,29,3
224,1,10,30,3
224,1,10,31,3
224,1,10,32,3
224,1,10,33,3
224,1,10,34,3
224,1,10,35,3
224,1,10,36,3
224,1,10,37,3
224,1,10,38,3
224,1,10,39,3
224,1,10,40,3
224,1,10,41,3
224,1,10,42,3
224,1,10,43,3
224,1,10,44,3
224,1,10,45,3
224,1,10,46,3
224,1,10,47,3
224,1,10,48,3
224,1,10,49,3
224,1,10,50,3
224,1,10,51,3
224,1,10,52,3
224,1,10,53,3
224,1,10,54,3
224,1,10,55,3
224,1,10,56,3
224,1,10,57,3
224,1,10,58,3
224,1,10,59,3
224,1,10,60,3
224,1,10,61,3
224,1,10,62,3
224,1,10,63,3
224,1,10,64,3
224,1,10,65,3
224,1,10,66,3
224,1,10,67,3
224,1,10,68,3
224,1,10,69,3
224,1,10,70,3
224,1,10,71,3
224,1,10,72,3
224,1,10,73,3
224,1,10,74,3
224,1,10,75,3
224,1,10,76,3
224,1,10,77,3
224,1,10,78,3
224,1,10,79,3
224,1,18,0,3
224,1,18,1,3
224,1,18,2,3
224,1,18,3,3
224,1,18,4,3
224,1,18,5,3
224,1,18,6,3
224,1,18,7,3
224,1,18,8,3
224,1,18,9,3
224,1,18,10,3
224,1,18,11,3
224,1,18,12,3
224,1,18,13,3
224,1,18,14,3
224,1,18,15,3
224,1,18,16,3
224,1,18,17,3
224,1,18,18,3
224,1,18,19,3
224,1,18,20,3
224,1,18,21,3
224,1,18,22,3
224,1,18,23,3
224,1,18,24,3
224,1,18,25,3
224,1,18,26,3
224,1,18,27,3
224,1,18,28,3
224,1,18,29,3
224,1,18,30,3
224,1,18,31,3
224,1,18,32,3
224,1,18,33,3
224,1,18,34,3
224,1,18,35,3
224,1,18,36,3
224,1,18,37,3
224,1,18,38,3
224,1,18,39,3
224,1,18,40,3
224,1,18,41,3
224,1,18,42,3
224,1,18,43,3
224,1,18,44,3
224,1,18,45,3
224,1,18,46,3
224,1,18,47,3
224,1,18,48,3
224,1,18,49,3
224,1,18,50,3
224,1,18,51,3
224,1,18,52,3
224,1,18,53,3
224,1,18,54,3
224,1,18,55,3
224,1,18,56,3
224,1,18,57,3
224,1,18,58,3
224,1,18,59,3
224,1,18,60,3
224,1,18,61,3
224,1,18,62,3
224,1,18,63,3
224,1,18,64,3
224,1,18,65,3
224,1,18,66,3
224,1,18,67,3
224,1,18,68,3
224,1,18,69,3
224,1,18,70,3
224,1,18,71,3
224,1,18,72,3
224,1,18,73,3
224,1,18,74,3
224,1,18,75,3
224,1,18,76,3
224,1,18,77,3
224,1,18,78,3
224,1,18,79,3
224,1,26,0,11
224,1,26,1,11
224,1,26,2,11
224,1,26,3,11
224,1,26,4,0
224,1,26,5,11
224,1,26,6,11
224,1,26,7,0
224,1,26,8,11
224,1,26,9,0
224,1,26,10,0
224,1,26,11,0
224,1,26,12,11
224,1,26,13,11
224,1,26,14,11
224,1,26,15,11
224,1,26,16,0
224,1,26,17,11
224,1,26,18,11
224,1,26,19,11
224,1,26,20,0
224,1,26,21,11
224,1,26,22,0
224,1,26,23,0
224,1,26,24,0
224,1,26,25,0
224,1,26,26,0
224,1,26,27,0
224,1,26,28,0
224,1,26,29,3
224,1,26,30,3
224,1,26,31,11
224,1,26,32,11
224,1,26,33,11
224,1,26,34,0
224,1,26,35,11
224,1,26,36,11
224,1,26,37,11
224,1,26,38,11
224,1,26,39,11
224,1,26,40,11
224,1,26,41,11
224,1,26,42,0
224,1,26,43,3
224,1,26,44,3
224,1,26,45,0
224,1,26,46,11
224,1,26,47,11
224,1,26,48,11
224,1,26,49,0
224,1,26,50,11
224,1,26,51,11
224,1,26,52,11
224,1,26,53,11
224,1,26,54,11
224,1,26,55,11
224,1,26,56,11
224,1,26,57,11
224,1,26,58,11
224,1,26,59,11
224,1,26,60,11
224,1,26,61,11
224,1,26,62,11
224,1,26,63,11
224,1,26,64,11
224,1,26,65,11
224,1,26,66,11
224,1,26,67,11
224,1,26,68,11
224,1,26,69,11
224,1,26,70,11
224,1,26,71,11
224,1,26,72,11
224,1,26,73,11
224,1,26,74,3
224,1,26,75,0
224,1,26,76,0
224,1,26,77,11
224,1,26,78,11
224,1,26,79,11
421,1,10,0,3
421,1,10,1,3
421,1,10,2,3
421,1,10,3,3
421,1,10,4,3
421,1,10,5,3
421,1,10,6,3
421,1,10,7,3
421,1,10,8,3
421,1,10,9,3
421,1,10,10,3
421,1,10,11,3
421,1,18,0,3
421,1,18,1,3
421,1,18,2,3
421,1,18,3,3
421,1,18,4,3
421,1,18,5,3
421,1,18,6,3
421,1,18,7,3
421,1,18,8,3
421,1,18,9,3
421,1,18,10,3
421,1,18,11,3
421,1,26,0,4
421,1,26,1,0
421,1,26,2,0
421,1,26,3,0
421,1,26,4,0
421,1,26,5,0
421,1,26,6,4
421,1,26,7,4
421,1,26,8,3
421,1,26,9,0
421,1,26,10,9
421,1,26,11,10
523,1,10,0,3
523,1,10,1,3
523,1,10,2,3
523,1,10,3,3
523,1,18,0,3
523,1,18,1,3
523,1,18,2,3
523,1,18,3,3
523,1,26,0,3
523,1,26,1,9
523,1,26,2,9
523,1,26,3,10
