Pattern,Pattern_Length,Truthful_Support,Hallucinated_Support,Truthful_Rate,Hallucinated_Rate,Confidence_Hallucination,Lift,Contrast
"[3, 9, 4, 0, 10]",5,5,7,0.2,0.28,0.5833333333333334,1.1666666666666667,0.08000000000000002
"[4, 9, 4, 4, 10]",5,9,6,0.36,0.24,0.4,0.8,-0.12
"[2, 0, 0, 2, 0]",5,9,3,0.36,0.12,0.25,0.5,-0.24
"[3, 4, 0, 9, 4]",5,3,8,0.12,0.32,0.7272727272727273,1.4545454545454546,0.2
"[0, 0, 3, 4, 10]",5,7,5,0.28,0.2,0.4166666666666667,0.8333333333333334,-0.08000000000000002
"[3, 0, 3, 0, 4]",5,3,5,0.12,0.2,0.625,1.25,0.08000000000000002
"[0, 4, 4, 9, 4]",5,8,9,0.32,0.36,0.5294117647058824,1.0588235294117647,0.03999999999999998
"[9, 9, 4, 9, 10]",5,7,3,0.28,0.12,0.3,0.6,-0.16000000000000003
"[3, 0, 3]",3,6,9,0.24,0.36,0.6,1.2,0.12
"[3, 3, 3, 0]",4,4,10,0.16,0.4,0.7142857142857143,1.4285714285714286,0.24000000000000002
"[0, 3, 3, 9]",4,4,9,0.16,0.36,0.6923076923076923,1.3846153846153846,0.19999999999999998
"[0, 0, 9, 0, 3]",5,5,4,0.2,0.16,0.4444444444444444,0.8888888888888888,-0.04000000000000001
"[0, 3, 4, 3, 9]",5,3,5,0.12,0.2,0.625,1.25,0.08000000000000002
"[4, 4, 3]",3,4,12,0.16,0.48,0.75,1.5,0.31999999999999995
"[0, 9, 0, 4, 9]",5,14,7,0.56,0.28,0.3333333333333333,0.6666666666666666,-0.28
"[0, 4, 3, 9, 9]",5,3,7,0.12,0.28,0.7,1.4,0.16000000000000003
"[0, 0, 9, 4, 9]",5,14,9,0.56,0.36,0.391304347826087,0.782608695652174,-0.20000000000000007
"[3, 3, 4, 3, 9]",5,3,6,0.12,0.24,0.6666666666666666,1.3333333333333333,0.12
"[4, 0, 3, 4, 4]",5,3,8,0.12,0.32,0.7272727272727273,1.4545454545454546,0.2
"[2, 0, 2, 2, 10]",5,8,3,0.32,0.12,0.2727272727272727,0.5454545454545454,-0.2
"[4, 0, 0, 0, 10]",5,12,13,0.48,0.52,0.52,1.04,0.040000000000000036
"[0, 9, 9, 0]",4,10,4,0.4,0.16,0.2857142857142857,0.5714285714285714,-0.24000000000000002
"[9, 2, 0, 0, 10]",5,9,1,0.36,0.04,0.1,0.2,-0.32
"[0, 0, 2, 2]",4,10,3,0.4,0.12,0.23076923076923078,0.46153846153846156,-0.28
"[4, 4, 9, 0, 0]",5,9,7,0.36,0.28,0.4375,0.875,-0.07999999999999996
"[9, 0, 9, 4, 9]",5,7,3,0.28,0.12,0.3,0.6,-0.16000000000000003
"[0, 2, 2, 9, 9]",5,5,4,0.2,0.16,0.4444444444444444,0.8888888888888888,-0.04000000000000001
"[3, 9, 4, 0, 0]",5,5,7,0.2,0.28,0.5833333333333334,1.1666666666666667,0.08000000000000002
"[0, 0, 3, 4, 0]",5,7,6,0.28,0.24,0.46153846153846156,0.9230769230769231,-0.040000000000000036
"[9, 9, 0, 0, 10]",5,14,4,0.56,0.16,0.2222222222222222,0.4444444444444444,-0.4
"[0, 2, 0, 9, 9]",5,5,5,0.2,0.2,0.5,1.0,0.0
"[3, 4, 0, 9]",4,7,13,0.28,0.52,0.65,1.3,0.24
"[4, 4, 3, 4, 9]",5,4,10,0.16,0.4,0.7142857142857143,1.4285714285714286,0.24000000000000002
"[3, 4, 4, 3, 4]",5,1,6,0.04,0.24,0.8571428571428571,1.7142857142857142,0.19999999999999998
"[9, 4, 10]",3,14,9,0.56,0.36,0.391304347826087,0.782608695652174,-0.20000000000000007
"[0, 0, 4, 3, 9]",5,7,9,0.28,0.36,0.5625,1.125,0.07999999999999996
"[3, 0, 9, 9]",4,6,7,0.24,0.28,0.5384615384615384,1.0769230769230769,0.040000000000000036
"[3, 9, 0, 4]",4,4,7,0.16,0.28,0.6363636363636364,1.2727272727272727,0.12000000000000002
"[3, 4, 3, 3, 9]",5,1,7,0.04,0.28,0.875,1.75,0.24000000000000002
"[9, 3, 0, 9]",4,8,6,0.32,0.24,0.42857142857142855,0.8571428571428571,-0.08000000000000002
"[3, 3, 3]",3,4,10,0.16,0.4,0.7142857142857143,1.4285714285714286,0.24000000000000002
"[2, 9, 0, 2, 10]",5,8,1,0.32,0.04,0.1111111111111111,0.2222222222222222,-0.28
"[2, 0, 2]",3,10,3,0.4,0.12,0.23076923076923078,0.46153846153846156,-0.28
"[3, 9, 4, 10]",4,5,7,0.2,0.28,0.5833333333333334,1.1666666666666667,0.08000000000000002
"[0, 0, 9, 3, 3]",5,2,5,0.08,0.2,0.7142857142857143,1.4285714285714286,0.12000000000000001
"[0, 9, 0, 2, 10]",5,5,1,0.2,0.04,0.16666666666666666,0.3333333333333333,-0.16
"[2, 0, 2, 2, 0]",5,8,3,0.32,0.12,0.2727272727272727,0.5454545454545454,-0.2
"[4, 0, 0, 0, 0]",5,13,16,0.52,0.64,0.5517241379310345,1.103448275862069,0.12
"[9, 2, 0, 2, 9]",5,8,1,0.32,0.04,0.1111111111111111,0.2222222222222222,-0.28
"[4, 0, 0, 3, 10]",5,5,8,0.2,0.32,0.6153846153846154,1.2307692307692308,0.12
"[4, 4, 0, 4, 3]",5,3,9,0.12,0.36,0.75,1.5,0.24
"[3, 0, 0, 0, 10]",5,9,10,0.36,0.4,0.5263157894736842,1.0526315789473684,0.040000000000000036
"[2, 9, 9, 2]",4,5,1,0.2,0.04,0.16666666666666666,0.3333333333333333,-0.16
"[9, 9, 2, 2]",4,5,1,0.2,0.04,0.16666666666666666,0.3333333333333333,-0.16
"[0, 0, 9, 9]",4,17,14,0.68,0.56,0.45161290322580644,0.9032258064516129,-0.12
"[9, 4, 0]",3,15,12,0.6,0.48,0.4444444444444444,0.8888888888888888,-0.12
"[0, 9, 4, 0, 4]",5,10,8,0.4,0.32,0.4444444444444444,0.8888888888888888,-0.08000000000000002
"[9, 4, 4, 4, 9]",5,10,10,0.4,0.4,0.5,1.0,0.0
"[3, 4, 4, 9, 10]",5,5,10,0.2,0.4,0.6666666666666666,1.3333333333333333,0.2
"[3, 0, 9, 0, 9]",5,6,7,0.24,0.28,0.5384615384615384,1.0769230769230769,0.040000000000000036
"[4, 3, 3, 4, 3]",5,1,5,0.04,0.2,0.8333333333333334,1.6666666666666667,0.16
"[0, 9, 0, 3]",4,5,4,0.2,0.16,0.4444444444444444,0.8888888888888888,-0.04000000000000001
"[4, 0, 4, 0, 3]",5,3,8,0.12,0.32,0.7272727272727273,1.4545454545454546,0.2
"[9, 0, 2]",3,10,1,0.4,0.04,0.09090909090909091,0.18181818181818182,-0.36000000000000004
"[2, 9, 0, 2, 0]",5,8,1,0.32,0.04,0.1111111111111111,0.2222222222222222,-0.28
"[0, 4, 9, 0, 9]",5,10,9,0.4,0.36,0.47368421052631576,0.9473684210526315,-0.040000000000000036
"[3, 0, 3, 9, 10]",5,5,5,0.2,0.2,0.5,1.0,0.0
"[0, 9, 3, 4, 10]",5,5,0,0.2,0.0,0.0,0.0,-0.2
"[3, 9, 4, 0]",4,5,10,0.2,0.4,0.6666666666666666,1.3333333333333333,0.2
"[0, 3, 9, 10]",4,11,11,0.44,0.44,0.5,1.0,0.0
"[3, 9, 9]",3,7,10,0.28,0.4,0.5882352941176471,1.1764705882352942,0.12
"[0, 2, 2, 2]",4,9,3,0.36,0.12,0.25,0.5,-0.24
"[0, 4, 0, 9]",4,15,16,0.6,0.64,0.5161290322580645,1.032258064516129,0.040000000000000036
"[0, 9, 0, 2, 0]",5,5,1,0.2,0.04,0.16666666666666666,0.3333333333333333,-0.16
"[9, 3, 3, 9]",4,2,5,0.08,0.2,0.7142857142857143,1.4285714285714286,0.12000000000000001
"[0, 0, 0, 0, 2]",5,8,4,0.32,0.16,0.3333333333333333,0.6666666666666666,-0.16
"[0, 4, 0, 3, 10]",5,5,7,0.2,0.28,0.5833333333333334,1.1666666666666667,0.08000000000000002
"[3, 4, 0, 4, 3]",5,1,7,0.04,0.28,0.875,1.75,0.24000000000000002
"[2, 0, 0, 0, 10]",5,9,6,0.36,0.24,0.4,0.8,-0.12
"[0, 4, 0, 0, 4]",5,10,14,0.4,0.56,0.5833333333333334,1.1666666666666667,0.16000000000000003
"[0, 9, 9, 4, 9]",5,6,1,0.24,0.04,0.14285714285714285,0.2857142857142857,-0.19999999999999998
"[4, 0, 0, 3, 0]",5,6,10,0.24,0.4,0.625,1.25,0.16000000000000003
"[0, 4, 4, 4, 3]",5,4,8,0.16,0.32,0.6666666666666666,1.3333333333333333,0.16
"[9, 9, 4, 4, 9]",5,5,2,0.2,0.08,0.2857142857142857,0.5714285714285714,-0.12000000000000001
"[3, 0, 0, 0, 0]",5,11,15,0.44,0.6,0.5769230769230769,1.1538461538461537,0.15999999999999998
"[9, 9, 0, 2, 0]",5,5,1,0.2,0.04,0.16666666666666666,0.3333333333333333,-0.16
"[0, 4, 0, 4, 10]",5,10,11,0.4,0.44,0.5238095238095238,1.0476190476190477,0.03999999999999998
"[4, 9, 0, 0, 10]",5,10,7,0.4,0.28,0.4117647058823529,0.8235294117647058,-0.12
"[3, 4, 0, 0, 10]",5,6,9,0.24,0.36,0.6,1.2,0.12
"[4, 0, 9, 0, 10]",5,10,8,0.4,0.32,0.4444444444444444,0.8888888888888888,-0.08000000000000002
"[3, 4, 4, 9, 0]",5,2,8,0.08,0.32,0.8,1.6,0.24
"[4, 0, 0, 4]",4,10,15,0.4,0.6,0.6,1.2,0.19999999999999996
"[9, 2, 9, 0, 10]",5,6,1,0.24,0.04,0.14285714285714285,0.2857142857142857,-0.19999999999999998
"[4, 4, 4, 3]",4,4,12,0.16,0.48,0.75,1.5,0.31999999999999995
"[0, 0, 4, 9, 4]",5,9,9,0.36,0.36,0.5,1.0,0.0
"[4, 0, 4, 10]",4,10,12,0.4,0.48,0.5454545454545454,1.0909090909090908,0.07999999999999996
"[0, 9, 3, 4, 0]",5,5,1,0.2,0.04,0.16666666666666666,0.3333333333333333,-0.16
"[0, 3, 9, 0]",4,5,7,0.2,0.28,0.5833333333333334,1.1666666666666667,0.08000000000000002
"[9, 2, 2, 2, 10]",5,8,1,0.32,0.04,0.1111111111111111,0.2222222222222222,-0.28
"[2, 0, 9, 10]",4,9,6,0.36,0.24,0.4,0.8,-0.12
"[4, 0, 4, 3, 3]",5,1,7,0.04,0.28,0.875,1.75,0.24000000000000002
"[0, 4, 9]",3,15,16,0.6,0.64,0.5161290322580645,1.032258064516129,0.040000000000000036
"[3, 4, 3, 9, 10]",5,3,5,0.12,0.2,0.625,1.25,0.08000000000000002
"[0, 4, 3, 10]",4,7,9,0.28,0.36,0.5625,1.125,0.07999999999999996
"[4, 4, 0, 10]",4,11,13,0.44,0.52,0.5416666666666666,1.0833333333333333,0.08000000000000002
"[0, 0, 4, 4, 10]",5,11,12,0.44,0.48,0.5217391304347826,1.0434782608695652,0.03999999999999998
"[3, 0, 4, 0, 4]",5,4,12,0.16,0.48,0.75,1.5,0.31999999999999995
"[4, 0, 4, 4, 4]",5,9,14,0.36,0.56,0.6086956521739131,1.2173913043478262,0.20000000000000007
"[0, 4, 9, 4, 10]",5,9,6,0.36,0.24,0.4,0.8,-0.12
"[0, 4, 0, 3, 0]",5,6,9,0.24,0.36,0.6,1.2,0.12
"[0, 2, 9, 9]",4,6,5,0.24,0.2,0.45454545454545453,0.9090909090909091,-0.03999999999999998
"[2, 0, 0, 0, 0]",5,10,6,0.4,0.24,0.375,0.75,-0.16000000000000003
"[3, 0, 4, 4, 10]",5,5,9,0.2,0.36,0.6428571428571429,1.2857142857142858,0.15999999999999998
"[3, 0, 4, 9]",4,6,12,0.24,0.48,0.6666666666666666,1.3333333333333333,0.24
"[0, 4, 4, 10]",4,11,12,0.44,0.48,0.5217391304347826,1.0434782608695652,0.03999999999999998
"[2, 0, 0, 2, 9]",5,10,3,0.4,0.12,0.23076923076923078,0.46153846153846156,-0.28
"[3, 3, 9, 4]",4,3,7,0.12,0.28,0.7,1.4,0.16000000000000003
"[0, 4, 0, 4, 0]",5,10,14,0.4,0.56,0.5833333333333334,1.1666666666666667,0.16000000000000003
"[2, 9, 2, 2, 0]",5,7,1,0.28,0.04,0.125,0.25,-0.24000000000000002
"[4, 9, 0, 0, 0]",5,11,9,0.44,0.36,0.45,0.9,-0.08000000000000002
"[4, 4, 4, 4, 9]",5,9,15,0.36,0.6,0.625,1.25,0.24
"[3, 0, 0, 3, 0]",5,5,8,0.2,0.32,0.6153846153846154,1.2307692307692308,0.12
"[3, 4, 0, 0, 0]",5,5,12,0.2,0.48,0.7058823529411765,1.411764705882353,0.27999999999999997
"[4, 0, 9, 0, 0]",5,11,9,0.44,0.36,0.45,0.9,-0.08000000000000002
"[3, 3, 4, 10]",4,3,6,0.12,0.24,0.6666666666666666,1.3333333333333333,0.12
"[9, 2, 9, 0, 0]",5,7,1,0.28,0.04,0.125,0.25,-0.24000000000000002
"[0, 0, 0, 3, 10]",5,11,8,0.44,0.32,0.42105263157894735,0.8421052631578947,-0.12
"[9, 0, 9, 4]",4,7,5,0.28,0.2,0.4166666666666667,0.8333333333333334,-0.08000000000000002
"[0, 2, 9, 0, 2]",5,6,1,0.24,0.04,0.14285714285714285,0.2857142857142857,-0.19999999999999998
"[4, 0, 4, 0]",4,10,15,0.4,0.6,0.6,1.2,0.19999999999999996
"[2, 0, 2, 0, 10]",5,9,3,0.36,0.12,0.25,0.5,-0.24
"[9, 2, 2, 2, 0]",5,8,1,0.32,0.04,0.1111111111111111,0.2222222222222222,-0.28
"[2, 0, 9, 0]",4,6,6,0.24,0.24,0.5,1.0,0.0
"[3, 4, 3, 9, 0]",5,2,5,0.08,0.2,0.7142857142857143,1.4285714285714286,0.12000000000000001
"[0, 4, 3, 0]",4,8,12,0.32,0.48,0.6,1.2,0.15999999999999998
"[4, 4, 0, 0]",4,11,14,0.44,0.56,0.56,1.12,0.12000000000000005
"[2, 2, 2, 2, 10]",5,8,4,0.32,0.16,0.3333333333333333,0.6666666666666666,-0.16
"[0, 0, 4, 4, 0]",5,11,15,0.44,0.6,0.5769230769230769,1.1538461538461537,0.15999999999999998
"[0, 9, 9, 9]",4,9,2,0.36,0.08,0.18181818181818182,0.36363636363636365,-0.27999999999999997
"[9, 0, 0, 3, 10]",5,6,4,0.24,0.16,0.4,0.8,-0.07999999999999999
"[9, 9, 4, 4]",4,5,4,0.2,0.16,0.4444444444444444,0.8888888888888888,-0.04000000000000001
"[0, 4, 9, 4, 0]",5,9,9,0.36,0.36,0.5,1.0,0.0
"[0, 0, 0, 2]",4,10,4,0.4,0.16,0.2857142857142857,0.5714285714285714,-0.24000000000000002
"[9, 0, 0, 0, 4]",5,13,9,0.52,0.36,0.4090909090909091,0.8181818181818182,-0.16000000000000003
"[3, 0, 4, 4, 0]",5,5,12,0.2,0.48,0.7058823529411765,1.411764705882353,0.27999999999999997
"[4, 4, 3, 10]",4,4,9,0.16,0.36,0.6923076923076923,1.3846153846153846,0.19999999999999998
"[9, 4, 9, 9]",4,5,2,0.2,0.08,0.2857142857142857,0.5714285714285714,-0.12000000000000001
"[0, 4, 4, 0]",4,11,15,0.44,0.6,0.5769230769230769,1.1538461538461537,0.15999999999999998
"[9, 2, 9, 10]",4,9,1,0.36,0.04,0.1,0.2,-0.32
"[4, 9, 4, 4, 9]",5,9,8,0.36,0.32,0.47058823529411764,0.9411764705882353,-0.03999999999999998
"[4, 3, 9, 0, 9]",5,3,7,0.12,0.28,0.7,1.4,0.16000000000000003
"[0, 4]",2,15,17,0.6,0.68,0.53125,1.0625,0.08000000000000007
"[3, 0, 3, 0, 3]",5,4,6,0.16,0.24,0.6,1.2,0.07999999999999999
"[3, 4, 4, 4, 9]",5,4,13,0.16,0.52,0.7647058823529411,1.5294117647058822,0.36
"[9, 4, 0, 0, 4]",5,10,9,0.4,0.36,0.47368421052631576,0.9473684210526315,-0.040000000000000036
"[3, 3, 3, 4, 0]",5,3,5,0.12,0.2,0.625,1.25,0.08000000000000002
"[0, 3, 4, 4, 4]",5,4,8,0.16,0.32,0.6666666666666666,1.3333333333333333,0.16
"[4, 10]",2,14,14,0.56,0.56,0.5,1.0,0.0
"[3, 0, 3, 4, 9]",5,3,5,0.12,0.2,0.625,1.25,0.08000000000000002
"[3, 3, 4, 0]",4,3,9,0.12,0.36,0.75,1.5,0.24
"[2, 9, 0, 0, 10]",5,8,6,0.32,0.24,0.42857142857142855,0.8571428571428571,-0.08000000000000002
"[4, 4, 3, 3, 9]",5,1,8,0.04,0.32,0.8888888888888888,1.7777777777777777,0.28
"[0, 3, 4, 9]",4,7,9,0.28,0.36,0.5625,1.125,0.07999999999999996
"[0, 0, 0, 3, 0]",5,13,11,0.52,0.44,0.4583333333333333,0.9166666666666666,-0.08000000000000002
"[9, 0, 2, 0, 10]",5,8,1,0.32,0.04,0.1111111111111111,0.2222222222222222,-0.28
"[4, 9, 4]",3,9,10,0.36,0.4,0.5263157894736842,1.0526315789473684,0.040000000000000036
"[0, 9, 0, 0, 10]",5,17,10,0.68,0.4,0.37037037037037035,0.7407407407407407,-0.28
"[2, 2, 0, 9, 10]",5,9,5,0.36,0.2,0.35714285714285715,0.7142857142857143,-0.15999999999999998
"[2, 0, 2, 0, 0]",5,9,3,0.36,0.12,0.25,0.5,-0.24
"[9, 0, 4, 0]",4,15,9,0.6,0.36,0.375,0.75,-0.24
"[4, 0, 0, 0, 9]",5,12,16,0.48,0.64,0.5714285714285714,1.1428571428571428,0.16000000000000003
"[2, 2, 2, 2, 0]",5,9,4,0.36,0.16,0.3076923076923077,0.6153846153846154,-0.19999999999999998
"[9, 3, 3, 0, 9]",5,2,5,0.08,0.2,0.7142857142857143,1.4285714285714286,0.12000000000000001
"[9, 2, 2, 0, 2]",5,8,1,0.32,0.04,0.1111111111111111,0.2222222222222222,-0.28
"[9, 2, 0, 0, 9]",5,9,1,0.36,0.04,0.1,0.2,-0.32
"[9, 0, 0, 3, 0]",5,7,4,0.28,0.16,0.36363636363636365,0.7272727272727273,-0.12000000000000002
"[3, 0, 0, 3, 3]",5,4,7,0.16,0.28,0.6363636363636364,1.2727272727272727,0.12000000000000002
"[4, 3, 0, 9, 4]",5,3,8,0.12,0.32,0.7272727272727273,1.4545454545454546,0.2
"[4, 4, 3, 0]",4,4,12,0.16,0.48,0.75,1.5,0.31999999999999995
"[9, 2, 9, 0]",4,7,1,0.28,0.04,0.125,0.25,-0.24000000000000002
"[4, 0, 3, 9, 10]",5,5,9,0.2,0.36,0.6428571428571429,1.2857142857142858,0.15999999999999998
"[4, 9, 4, 10]",4,9,7,0.36,0.28,0.4375,0.875,-0.07999999999999996
"[9, 9, 0, 0, 9]",5,14,4,0.56,0.16,0.2222222222222222,0.4444444444444444,-0.4
"[4, 0]",2,15,18,0.6,0.72,0.5454545454545454,1.0909090909090908,0.12
"[0, 4, 3, 3]",4,1,8,0.04,0.32,0.8888888888888888,1.7777777777777777,0.28
"[0, 0, 4, 4, 3]",5,4,9,0.16,0.36,0.6923076923076923,1.3846153846153846,0.19999999999999998
"[2, 2, 9, 0]",4,8,5,0.32,0.2,0.38461538461538464,0.7692307692307693,-0.12
"[2, 9, 0, 0, 0]",5,9,6,0.36,0.24,0.4,0.8,-0.12
"[3, 9, 4, 4, 10]",5,4,6,0.16,0.24,0.6,1.2,0.07999999999999999
"[9, 0, 2, 2, 10]",5,8,1,0.32,0.04,0.1111111111111111,0.2222222222222222,-0.28
"[3, 4, 3, 4, 9]",5,2,6,0.08,0.24,0.75,1.5,0.15999999999999998
"[0, 9, 0, 0, 0]",5,17,12,0.68,0.48,0.41379310344827586,0.8275862068965517,-0.20000000000000007
"[3, 9, 4, 9]",4,5,9,0.2,0.36,0.6428571428571429,1.2857142857142858,0.15999999999999998
"[2, 0, 0, 2, 2]",5,9,3,0.36,0.12,0.25,0.5,-0.24
"[2, 2, 0, 9, 0]",5,5,5,0.2,0.2,0.5,1.0,0.0
"[0, 0, 4, 0, 10]",5,14,13,0.56,0.52,0.48148148148148145,0.9629629629629629,-0.040000000000000036
"[0, 0, 0, 9, 10]",5,23,17,0.92,0.68,0.425,0.85,-0.24
"[3, 4, 9, 0, 0]",5,3,6,0.12,0.24,0.6666666666666666,1.3333333333333333,0.12
"[0, 2, 0, 10]",4,9,5,0.36,0.2,0.35714285714285715,0.7142857142857143,-0.15999999999999998
"[4, 0, 0, 3, 9]",5,5,9,0.2,0.36,0.6428571428571429,1.2857142857142858,0.15999999999999998
"[0, 3, 3, 0, 10]",5,4,8,0.16,0.32,0.6666666666666666,1.3333333333333333,0.16
"[2, 2, 2, 10]",4,8,4,0.32,0.16,0.3333333333333333,0.6666666666666666,-0.16
"[4, 0, 3, 0, 0]",5,4,10,0.16,0.4,0.7142857142857143,1.4285714285714286,0.24000000000000002
"[4, 9, 4, 0]",4,9,10,0.36,0.4,0.5263157894736842,1.0526315789473684,0.040000000000000036
"[4, 0, 0, 4, 10]",5,10,12,0.4,0.48,0.5454545454545454,1.0909090909090908,0.07999999999999996
"[3, 4, 3, 4]",4,2,6,0.08,0.24,0.75,1.5,0.15999999999999998
"[9, 0, 4, 0, 10]",5,14,7,0.56,0.28,0.3333333333333333,0.6666666666666666,-0.28
"[4, 4, 0, 0, 4]",5,10,14,0.4,0.56,0.5833333333333334,1.1666666666666667,0.16000000000000003
"[9, 0, 4, 3]",4,5,4,0.2,0.16,0.4444444444444444,0.8888888888888888,-0.04000000000000001
"[4, 3, 0, 0, 3]",5,1,5,0.04,0.2,0.8333333333333334,1.6666666666666667,0.16
"[9, 0, 0, 9, 10]",5,22,11,0.88,0.44,0.3333333333333333,0.6666666666666666,-0.44
"[3, 9, 4, 4, 0]",5,4,9,0.16,0.36,0.6923076923076923,1.3846153846153846,0.19999999999999998
"[3, 4, 4, 4]",4,4,13,0.16,0.52,0.7647058823529411,1.5294117647058822,0.36
"[9, 0, 2, 2, 0]",5,7,1,0.28,0.04,0.125,0.25,-0.24000000000000002
"[9, 4, 4, 0, 10]",5,11,9,0.44,0.36,0.45,0.9,-0.08000000000000002
"[4, 3, 3, 0, 4]",5,1,7,0.04,0.28,0.875,1.75,0.24000000000000002
"[9, 0, 0, 10]",4,22,11,0.88,0.44,0.3333333333333333,0.6666666666666666,-0.44
"[3, 3, 4, 9, 4]",5,2,5,0.08,0.2,0.7142857142857143,1.4285714285714286,0.12000000000000001
"[0, 9, 0, 3, 0]",5,5,4,0.2,0.16,0.4444444444444444,0.8888888888888888,-0.04000000000000001
"[0, 0, 0, 9, 0]",5,16,13,0.64,0.52,0.4482758620689655,0.896551724137931,-0.12
"[2, 9, 9, 9, 10]",5,6,2,0.24,0.08,0.25,0.5,-0.15999999999999998
"[2, 9, 2, 10]",4,8,1,0.32,0.04,0.1111111111111111,0.2222222222222222,-0.28
"[0, 3, 0, 3, 9]",5,4,5,0.16,0.2,0.5555555555555556,1.1111111111111112,0.04000000000000001
"[2, 0, 0, 0, 9]",5,10,6,0.4,0.24,0.375,0.75,-0.16000000000000003
"[0, 3, 3, 0, 0]",5,5,8,0.2,0.32,0.6153846153846154,1.2307692307692308,0.12
"[2, 9, 2, 0, 0]",5,9,1,0.36,0.04,0.1,0.2,-0.32
"[0, 0, 3, 0, 9]",5,11,11,0.44,0.44,0.5,1.0,0.0
"[4, 0, 0, 4, 0]",5,10,15,0.4,0.6,0.6,1.2,0.19999999999999996
"[0, 4, 0, 4, 9]",5,10,14,0.4,0.56,0.5833333333333334,1.1666666666666667,0.16000000000000003
"[9, 0, 4, 0, 0]",5,15,9,0.6,0.36,0.375,0.75,-0.24
"[0, 4, 4, 0, 4]",5,10,14,0.4,0.56,0.5833333333333334,1.1666666666666667,0.16000000000000003
"[3, 0, 0, 9, 4]",5,5,8,0.2,0.32,0.6153846153846154,1.2307692307692308,0.12
"[2, 2, 9, 9, 10]",5,7,5,0.28,0.2,0.4166666666666667,0.8333333333333334,-0.08000000000000002
"[4, 3, 4, 9, 10]",5,5,8,0.2,0.32,0.6153846153846154,1.2307692307692308,0.12
"[3, 4, 0, 9, 9]",5,3,7,0.12,0.28,0.7,1.4,0.16000000000000003
"[0, 3, 3, 3, 10]",5,3,5,0.12,0.2,0.625,1.25,0.08000000000000002
"[9, 0, 0, 9, 0]",5,12,5,0.48,0.2,0.29411764705882354,0.5882352941176471,-0.27999999999999997
"[2, 0, 2, 2, 2]",5,7,2,0.28,0.08,0.2222222222222222,0.4444444444444444,-0.2
"[3, 3, 3, 3, 10]",5,3,6,0.12,0.24,0.6666666666666666,1.3333333333333333,0.12
"[9, 4, 4, 0, 0]",5,11,9,0.44,0.36,0.45,0.9,-0.08000000000000002
"[4, 3, 0, 3, 3]",5,0,6,0.0,0.24,1.0,2.0,0.24
"[4, 0, 4, 9]",4,10,15,0.4,0.6,0.6,1.2,0.19999999999999996
"[0, 0, 2, 9, 10]",5,9,4,0.36,0.16,0.3076923076923077,0.6153846153846154,-0.19999999999999998
"[0, 9, 4, 4, 4]",5,10,8,0.4,0.32,0.4444444444444444,0.8888888888888888,-0.08000000000000002
"[3, 3, 0, 0, 4]",5,3,8,0.12,0.32,0.7272727272727273,1.4545454545454546,0.2
"[4, 3, 9, 4]",4,3,8,0.12,0.32,0.7272727272727273,1.4545454545454546,0.2
"[4, 0, 3, 0, 3]",5,1,6,0.04,0.24,0.8571428571428571,1.7142857142857142,0.19999999999999998
"[2, 2, 2, 0, 9]",5,9,4,0.36,0.16,0.3076923076923077,0.6153846153846154,-0.19999999999999998
"[4, 0, 4, 4, 3]",5,3,11,0.12,0.44,0.7857142857142857,1.5714285714285714,0.32
"[3, 3, 0, 4, 10]",5,3,6,0.12,0.24,0.6666666666666666,1.3333333333333333,0.12
"[0, 9, 10]",3,23,19,0.92,0.76,0.4523809523809524,0.9047619047619048,-0.16000000000000003
"[4, 3, 3, 3, 4]",5,1,5,0.04,0.2,0.8333333333333334,1.6666666666666667,0.16
"[0, 4, 9, 4, 9]",5,9,8,0.36,0.32,0.47058823529411764,0.9411764705882353,-0.03999999999999998
"[9, 0, 3, 10]",4,7,4,0.28,0.16,0.36363636363636365,0.7272727272727273,-0.12000000000000002
"[9, 0, 4]",3,15,10,0.6,0.4,0.4,0.8,-0.19999999999999996
"[0, 2, 2, 0, 9]",5,10,4,0.4,0.16,0.2857142857142857,0.5714285714285714,-0.24000000000000002
"[2, 9, 0, 2, 2]",5,8,1,0.32,0.04,0.1111111111111111,0.2222222222222222,-0.28
"[0, 4, 4, 9]",4,11,15,0.44,0.6,0.5769230769230769,1.1538461538461537,0.15999999999999998
"[0, 9, 3, 10]",4,5,4,0.2,0.16,0.4444444444444444,0.8888888888888888,-0.04000000000000001
"[0, 9, 9, 0, 0]",5,10,4,0.4,0.16,0.2857142857142857,0.5714285714285714,-0.24000000000000002
"[0, 9, 0, 2, 2]",5,5,1,0.2,0.04,0.16666666666666666,0.3333333333333333,-0.16
"[0, 3, 3, 3, 0]",5,3,8,0.12,0.32,0.7272727272727273,1.4545454545454546,0.2
"[0, 0, 3, 3, 9]",5,4,9,0.16,0.36,0.6923076923076923,1.3846153846153846,0.19999999999999998
"[2, 9]",2,10,6,0.4,0.24,0.375,0.75,-0.16000000000000003
"[0, 0, 0, 0, 4]",5,15,15,0.6,0.6,0.5,1.0,0.0
"[0, 0, 0, 3, 9]",5,11,9,0.44,0.36,0.45,0.9,-0.08000000000000002
"[0, 4, 4, 3, 4]",5,4,9,0.16,0.36,0.6923076923076923,1.3846153846153846,0.19999999999999998
"[3, 0, 0, 4, 0]",5,6,12,0.24,0.48,0.6666666666666666,1.3333333333333333,0.24
"[4, 4, 4, 0, 10]",5,10,13,0.4,0.52,0.5652173913043478,1.1304347826086956,0.12
"[3, 9, 0, 9]",4,7,9,0.28,0.36,0.5625,1.125,0.07999999999999996
"[0, 0, 0, 4, 10]",5,14,13,0.56,0.52,0.48148148148148145,0.9629629629629629,-0.040000000000000036
"[0, 0, 2, 9, 0]",5,5,4,0.2,0.16,0.4444444444444444,0.8888888888888888,-0.04000000000000001
"[0, 4, 3, 0, 4]",5,4,9,0.16,0.36,0.6923076923076923,1.3846153846153846,0.19999999999999998
"[0, 4, 3, 3, 9]",5,1,7,0.04,0.28,0.875,1.75,0.24000000000000002
"[9, 0, 2, 0]",4,9,1,0.36,0.04,0.1,0.2,-0.32
"[9, 9, 0, 2, 2]",5,5,1,0.2,0.04,0.16666666666666666,0.3333333333333333,-0.16
"[4, 0, 9, 4, 10]",5,9,7,0.36,0.28,0.4375,0.875,-0.07999999999999996
"[4, 0, 3, 3, 4]",5,1,5,0.04,0.2,0.8333333333333334,1.6666666666666667,0.16
"[9, 0, 3, 0]",4,8,5,0.32,0.2,0.38461538461538464,0.7692307692307693,-0.12
"[0, 0, 0]",3,25,22,1.0,0.88,0.46808510638297873,0.9361702127659575,-0.12
"[4, 3, 4, 0]",4,5,11,0.2,0.44,0.6875,1.375,0.24
"[9, 0, 0, 0, 3]",5,7,4,0.28,0.16,0.36363636363636365,0.7272727272727273,-0.12000000000000002
"[9, 2, 9, 9]",4,6,1,0.24,0.04,0.14285714285714285,0.2857142857142857,-0.19999999999999998
"[0, 9, 3, 0]",4,6,5,0.24,0.2,0.45454545454545453,0.9090909090909091,-0.03999999999999998
"[9, 3]",2,9,6,0.36,0.24,0.4,0.8,-0.12
"[9, 0, 0, 4, 9]",5,14,8,0.56,0.32,0.36363636363636365,0.7272727272727273,-0.24000000000000005
"[0, 3, 0, 9, 4]",5,5,7,0.2,0.28,0.5833333333333334,1.1666666666666667,0.08000000000000002
"[9, 9, 0, 10]",4,14,4,0.56,0.16,0.2222222222222222,0.4444444444444444,-0.4
"[9, 3, 4]",3,5,2,0.2,0.08,0.2857142857142857,0.5714285714285714,-0.12000000000000001
"[0, 9, 0, 9, 0]",5,10,4,0.4,0.16,0.2857142857142857,0.5714285714285714,-0.24000000000000002
"[2, 0, 2, 9]",4,10,3,0.4,0.12,0.23076923076923078,0.46153846153846156,-0.28
"[3, 0, 3, 10]",4,5,5,0.2,0.2,0.5,1.0,0.0
"[9, 0, 2, 0, 9]",5,9,1,0.36,0.04,0.1,0.2,-0.32
"[3, 3, 4, 4, 3]",5,1,5,0.04,0.2,0.8333333333333334,1.6666666666666667,0.16
"[4, 4, 4, 0, 0]",5,9,14,0.36,0.56,0.6086956521739131,1.2173913043478262,0.20000000000000007
"[2, 9, 10]",3,9,6,0.36,0.24,0.4,0.8,-0.12
"[0, 0, 0, 4, 0]",5,15,16,0.6,0.64,0.5161290322580645,1.032258064516129,0.040000000000000036
"[3, 0, 0, 4]",4,6,12,0.24,0.48,0.6666666666666666,1.3333333333333333,0.24
"[0, 3, 0, 10]",4,11,11,0.44,0.44,0.5,1.0,0.0
"[0, 3, 4, 9, 10]",5,7,7,0.28,0.28,0.5,1.0,0.0
"[4, 0, 9, 4, 0]",5,9,10,0.36,0.4,0.5263157894736842,1.0526315789473684,0.040000000000000036
"[4, 3, 4, 0, 4]",5,4,11,0.16,0.44,0.7333333333333333,1.4666666666666666,0.28
"[2, 9, 2, 2, 2]",5,7,1,0.28,0.04,0.125,0.25,-0.24000000000000002
"[4, 3, 4, 3, 9]",5,1,6,0.04,0.24,0.8571428571428571,1.7142857142857142,0.19999999999999998
"[3, 3, 4, 0, 10]",5,3,6,0.12,0.24,0.6666666666666666,1.3333333333333333,0.12
"[2, 0, 9, 2, 9]",5,6,1,0.24,0.04,0.14285714285714285,0.2857142857142857,-0.19999999999999998
"[9, 2, 9, 0, 2]",5,5,1,0.2,0.04,0.16666666666666666,0.3333333333333333,-0.16
"[3, 0, 0, 4, 3]",5,3,6,0.12,0.24,0.6666666666666666,1.3333333333333333,0.12
"[4, 0, 3, 9, 9]",5,2,7,0.08,0.28,0.7777777777777778,1.5555555555555556,0.2
"[9, 3, 4, 9, 10]",5,5,1,0.2,0.04,0.16666666666666666,0.3333333333333333,-0.16
"[3, 3, 9, 0, 4]",5,3,5,0.12,0.2,0.625,1.25,0.08000000000000002
"[9, 2, 2, 2, 2]",5,8,1,0.32,0.04,0.1111111111111111,0.2222222222222222,-0.28
"[4, 3, 9, 4, 4]",5,3,7,0.12,0.28,0.7,1.4,0.16000000000000003
"[2, 0, 9, 2]",4,6,1,0.24,0.04,0.14285714285714285,0.2857142857142857,-0.19999999999999998
"[9, 9, 0, 0]",4,15,6,0.6,0.24,0.2857142857142857,0.5714285714285714,-0.36
"[9, 9, 10]",3,22,15,0.88,0.6,0.40540540540540543,0.8108108108108109,-0.28
"[0, 0, 0, 4]",4,15,16,0.6,0.64,0.5161290322580645,1.032258064516129,0.040000000000000036
"[3, 0, 3, 0]",4,6,9,0.24,0.36,0.6,1.2,0.12
"[0, 0, 3]",3,13,13,0.52,0.52,0.5,1.0,0.0
"[4, 3, 4, 3]",4,1,6,0.04,0.24,0.8571428571428571,1.7142857142857142,0.19999999999999998
"[0, 0, 3, 9]",4,11,11,0.44,0.44,0.5,1.0,0.0
"[4, 0, 0, 9]",4,14,16,0.56,0.64,0.5333333333333333,1.0666666666666667,0.07999999999999996
"[2, 9, 0]",3,9,6,0.36,0.24,0.4,0.8,-0.12
"[0, 3, 0, 0]",4,9,12,0.36,0.48,0.5714285714285714,1.1428571428571428,0.12
"[9, 4, 0, 4, 4]",5,10,9,0.4,0.36,0.47368421052631576,0.9473684210526315,-0.040000000000000036
"[0, 3, 4, 0, 0]",5,6,9,0.24,0.36,0.6,1.2,0.12
"[0, 0, 4, 0, 9]",5,15,16,0.6,0.64,0.5161290322580645,1.032258064516129,0.040000000000000036
"[4, 4, 4, 3, 0]",5,4,12,0.16,0.48,0.75,1.5,0.31999999999999995
"[3, 4, 3, 0, 10]",5,3,5,0.12,0.2,0.625,1.25,0.08000000000000002
"[3, 0, 4]",3,6,12,0.24,0.48,0.6666666666666666,1.3333333333333333,0.24
"[0, 3, 3, 10]",4,4,8,0.16,0.32,0.6666666666666666,1.3333333333333333,0.16
"[4, 3, 0, 10]",4,7,10,0.28,0.4,0.5882352941176471,1.1764705882352942,0.12
"[2, 9, 0, 10]",4,8,6,0.32,0.24,0.42857142857142855,0.8571428571428571,-0.08000000000000002
"[0, 0, 9, 9, 4]",5,6,3,0.24,0.12,0.3333333333333333,0.6666666666666666,-0.12
"[3, 3, 4, 0, 0]",5,3,9,0.12,0.36,0.75,1.5,0.24
"[3, 0, 4, 0, 9]",5,6,12,0.24,0.48,0.6666666666666666,1.3333333333333333,0.24
"[0, 9, 0, 4, 10]",5,13,5,0.52,0.2,0.2777777777777778,0.5555555555555556,-0.32
"[0, 2, 0, 9]",4,10,5,0.4,0.2,0.3333333333333333,0.6666666666666666,-0.2
"[0, 4, 3, 9, 10]",5,7,9,0.28,0.36,0.5625,1.125,0.07999999999999996
"[3, 4, 0, 3, 3]",5,1,5,0.04,0.2,0.8333333333333334,1.6666666666666667,0.16
"[3, 3, 0, 9, 0]",5,3,6,0.12,0.24,0.6666666666666666,1.3333333333333333,0.12
"[4, 4, 4, 0, 3]",5,3,9,0.12,0.36,0.75,1.5,0.24
"[2, 2, 2, 9]",4,9,4,0.36,0.16,0.3076923076923077,0.6153846153846154,-0.19999999999999998
"[0, 0, 9, 4, 10]",5,13,7,0.52,0.28,0.35,0.7,-0.24
"[9, 0, 4, 0, 9]",5,15,8,0.6,0.32,0.34782608695652173,0.6956521739130435,-0.27999999999999997
"[0, 3, 9, 4, 0]",5,5,7,0.2,0.28,0.5833333333333334,1.1666666666666667,0.08000000000000002
"[2, 0, 2, 0, 2]",5,8,3,0.32,0.12,0.2727272727272727,0.5454545454545454,-0.2
"[3, 3, 3, 0, 9]",5,4,8,0.16,0.32,0.6666666666666666,1.3333333333333333,0.16
"[3, 3, 0, 9]",4,5,13,0.2,0.52,0.7222222222222222,1.4444444444444444,0.32
"[2, 2, 2, 2, 2]",5,8,3,0.32,0.12,0.2727272727272727,0.5454545454545454,-0.2
"[2, 2, 0, 2, 9]",5,9,3,0.36,0.12,0.25,0.5,-0.24
"[3, 3, 9, 4, 0]",5,3,7,0.12,0.28,0.7,1.4,0.16000000000000003
"[9, 9, 0]",3,15,6,0.6,0.24,0.2857142857142857,0.5714285714285714,-0.36
"[3, 4, 4, 3]",4,1,8,0.04,0.32,0.8888888888888888,1.7777777777777777,0.28
"[9, 4, 4, 0, 9]",5,11,10,0.44,0.4,0.47619047619047616,0.9523809523809523,-0.03999999999999998
"[9, 2, 2, 9, 9]",5,5,1,0.2,0.04,0.16666666666666666,0.3333333333333333,-0.16
"[4, 4, 3, 9, 4]",5,2,8,0.08,0.32,0.8,1.6,0.24
"[0, 2, 2]",3,10,4,0.4,0.16,0.2857142857142857,0.5714285714285714,-0.24000000000000002
"[0, 2, 2, 9, 10]",5,9,4,0.36,0.16,0.3076923076923077,0.6153846153846154,-0.19999999999999998
"[9, 0, 0, 9]",4,23,12,0.92,0.48,0.34285714285714286,0.6857142857142857,-0.44000000000000006
"[0, 3, 3]",3,5,11,0.2,0.44,0.6875,1.375,0.24
"[4, 0, 3, 9]",4,5,11,0.2,0.44,0.6875,1.375,0.24
"[0, 2, 0, 9, 10]",5,9,5,0.36,0.2,0.35714285714285715,0.7142857142857143,-0.15999999999999998
"[3, 4, 3, 0, 0]",5,3,6,0.12,0.24,0.6666666666666666,1.3333333333333333,0.12
"[3, 4, 0, 10]",4,7,10,0.28,0.4,0.5882352941176471,1.1764705882352942,0.12
"[0, 3, 3, 0]",4,5,11,0.2,0.44,0.6875,1.375,0.24
"[4, 3, 0, 0]",4,6,12,0.24,0.48,0.6666666666666666,1.3333333333333333,0.24
"[0, 0, 4, 3, 10]",5,7,8,0.28,0.32,0.5333333333333333,1.0666666666666667,0.03999999999999998
"[0, 3, 0, 4, 4]",5,5,8,0.2,0.32,0.6153846153846154,1.2307692307692308,0.12
"[2, 2, 9, 2]",4,6,1,0.24,0.04,0.14285714285714285,0.2857142857142857,-0.19999999999999998
"[2, 9, 0, 0, 2]",5,9,1,0.36,0.04,0.1,0.2,-0.32
"[0, 3, 4, 3, 0]",5,3,5,0.12,0.2,0.625,1.25,0.08000000000000002
"[0, 9, 0, 4, 0]",5,14,7,0.56,0.28,0.3333333333333333,0.6666666666666666,-0.28
"[2, 9, 2, 9]",4,9,1,0.36,0.04,0.1,0.2,-0.32
"[0, 4, 3, 9, 0]",5,3,7,0.12,0.28,0.7,1.4,0.16000000000000003
"[3, 4, 3, 3, 10]",5,1,5,0.04,0.2,0.8333333333333334,1.6666666666666667,0.16
"[3, 0, 4, 3, 10]",5,3,5,0.12,0.2,0.625,1.25,0.08000000000000002
"[3, 3, 4]",3,3,9,0.12,0.36,0.75,1.5,0.24
"[4, 3, 3, 10]",4,1,7,0.04,0.28,0.875,1.75,0.24000000000000002
"[0, 0, 9, 4, 0]",5,14,10,0.56,0.4,0.4166666666666667,0.8333333333333334,-0.16000000000000003
"[3, 3, 4, 3, 0]",5,3,6,0.12,0.24,0.6666666666666666,1.3333333333333333,0.12
"[0, 9, 0, 0, 2]",5,5,1,0.2,0.04,0.16666666666666666,0.3333333333333333,-0.16
"[4, 3, 4, 9, 9]",5,2,7,0.08,0.28,0.7777777777777778,1.5555555555555556,0.2
"[0, 3, 4, 0, 3]",5,2,5,0.08,0.2,0.7142857142857143,1.4285714285714286,0.12000000000000001
"[0, 9]",2,24,22,0.96,0.88,0.4782608695652174,0.9565217391304348,-0.07999999999999996
"[4, 4, 4, 3, 3]",5,1,8,0.04,0.32,0.8888888888888888,1.7777777777777777,0.28
"[3, 3, 3, 4]",4,3,5,0.12,0.2,0.625,1.25,0.08000000000000002
"[0, 2, 9, 9, 10]",5,5,5,0.2,0.2,0.5,1.0,0.0
"[3, 3, 3, 3, 9]",5,3,8,0.12,0.32,0.7272727272727273,1.4545454545454546,0.2
"[3, 4, 9, 4, 9]",5,3,7,0.12,0.28,0.7,1.4,0.16000000000000003
"[9, 0, 9, 4, 0]",5,7,4,0.28,0.16,0.36363636363636365,0.7272727272727273,-0.12000000000000002
"[0, 0, 0, 2, 9]",5,10,4,0.4,0.16,0.2857142857142857,0.5714285714285714,-0.24000000000000002
"[0, 2, 2, 9, 0]",5,5,4,0.2,0.16,0.4444444444444444,0.8888888888888888,-0.04000000000000001
"[4, 3, 0, 4, 3]",5,1,5,0.04,0.2,0.8333333333333334,1.6666666666666667,0.16
"[4, 0, 9]",3,15,17,0.6,0.68,0.53125,1.0625,0.08000000000000007
"[0, 2, 0, 9, 0]",5,5,5,0.2,0.2,0.5,1.0,0.0
"[3, 4, 0, 0]",4,6,12,0.24,0.48,0.6666666666666666,1.3333333333333333,0.24
"[0, 0, 9, 10]",4,23,17,0.92,0.68,0.425,0.85,-0.24
"[3, 3, 0, 4, 9]",5,3,9,0.12,0.36,0.75,1.5,0.24
"[0, 0, 4, 3, 0]",5,8,9,0.32,0.36,0.5294117647058824,1.0588235294117647,0.03999999999999998
"[0, 9, 9]",3,18,14,0.72,0.56,0.4375,0.875,-0.15999999999999992
"[9, 4, 4, 4, 10]",5,10,8,0.4,0.32,0.4444444444444444,0.8888888888888888,-0.08000000000000002
"[9, 0, 3, 9]",4,7,4,0.28,0.16,0.36363636363636365,0.7272727272727273,-0.12000000000000002
"[3, 0, 9, 0]",4,6,8,0.24,0.32,0.5714285714285714,1.1428571428571428,0.08000000000000002
"[3, 0, 9, 0, 10]",5,6,5,0.24,0.2,0.45454545454545453,0.9090909090909091,-0.03999999999999998
"[4, 3, 3, 4, 4]",5,1,6,0.04,0.24,0.8571428571428571,1.7142857142857142,0.19999999999999998
"[3, 4, 3, 3, 0]",5,1,7,0.04,0.28,0.875,1.75,0.24000000000000002
"[0, 9, 0, 4]",4,14,8,0.56,0.32,0.36363636363636365,0.7272727272727273,-0.24000000000000005
"[9, 0, 2, 2, 2]",5,8,1,0.32,0.04,0.1111111111111111,0.2222222222222222,-0.28
"[9, 0, 0, 2, 9]",5,9,1,0.36,0.04,0.1,0.2,-0.32
"[9, 0, 3]",3,8,5,0.32,0.2,0.38461538461538464,0.7692307692307693,-0.12
"[9, 3, 0, 0]",4,5,3,0.2,0.12,0.375,0.75,-0.08000000000000002
"[3, 0, 4, 3, 0]",5,3,7,0.12,0.28,0.7,1.4,0.16000000000000003
"[0, 9, 3, 9]",4,5,5,0.2,0.2,0.5,1.0,0.0
"[4, 9, 0, 9]",4,10,10,0.4,0.4,0.5,1.0,0.0
"[4, 3, 3, 0]",4,1,10,0.04,0.4,0.9090909090909091,1.8181818181818181,0.36000000000000004
"[0, 9, 4, 9, 9]",5,5,1,0.2,0.04,0.16666666666666666,0.3333333333333333,-0.16
"[4, 4, 9, 0, 4]",5,8,7,0.32,0.28,0.4666666666666667,0.9333333333333333,-0.03999999999999998
"[4, 0, 4, 9, 9]",5,9,8,0.36,0.32,0.47058823529411764,0.9411764705882353,-0.03999999999999998
"[0, 3, 9, 0, 10]",5,5,5,0.2,0.2,0.5,1.0,0.0
"[3, 9, 4, 0, 4]",5,3,7,0.12,0.28,0.7,1.4,0.16000000000000003
"[3, 9, 10]",3,12,15,0.48,0.6,0.5555555555555556,1.1111111111111112,0.12
"[0, 9, 4, 10]",4,13,7,0.52,0.28,0.35,0.7,-0.24
"[4, 4, 9, 4, 10]",5,8,6,0.32,0.24,0.42857142857142855,0.8571428571428571,-0.08000000000000002
"[2, 0, 0, 9]",4,10,6,0.4,0.24,0.375,0.75,-0.16000000000000003
"[4, 4, 4, 9, 9]",5,9,8,0.36,0.32,0.47058823529411764,0.9411764705882353,-0.03999999999999998
"[9, 4, 9, 9, 10]",5,5,2,0.2,0.08,0.2857142857142857,0.5714285714285714,-0.12000000000000001
"[0, 3, 4, 3, 3]",5,0,5,0.0,0.2,1.0,2.0,0.2
"[3, 9]",2,12,18,0.48,0.72,0.6,1.2,0.24
"[3, 4, 0, 4, 4]",5,4,12,0.16,0.48,0.75,1.5,0.31999999999999995
"[0, 0, 0, 4, 9]",5,15,16,0.6,0.64,0.5161290322580645,1.032258064516129,0.040000000000000036
"[0, 4, 4, 4, 4]",5,9,14,0.36,0.56,0.6086956521739131,1.2173913043478262,0.20000000000000007
"[0, 4, 3, 0, 3]",5,1,6,0.04,0.24,0.8571428571428571,1.7142857142857142,0.19999999999999998
"[9, 9, 4, 4, 10]",5,5,2,0.2,0.08,0.2857142857142857,0.5714285714285714,-0.12000000000000001
"[2, 9, 2, 0, 2]",5,8,1,0.32,0.04,0.1111111111111111,0.2222222222222222,-0.28
"[0, 4, 3, 4, 9]",5,5,9,0.2,0.36,0.6428571428571429,1.2857142857142858,0.15999999999999998
"[2, 0, 9, 0, 9]",5,6,6,0.24,0.24,0.5,1.0,0.0
"[0, 0, 9, 0]",4,17,15,0.68,0.6,0.46875,0.9375,-0.08000000000000007
"[9, 4, 4, 4, 0]",5,10,11,0.4,0.44,0.5238095238095238,1.0476190476190477,0.03999999999999998
"[2, 2, 9, 2, 9]",5,6,1,0.24,0.04,0.14285714285714285,0.2857142857142857,-0.19999999999999998
"[4, 3, 9]",3,7,13,0.28,0.52,0.65,1.3,0.24
"[3, 0, 9, 0, 0]",5,6,6,0.24,0.24,0.5,1.0,0.0
"[4, 4, 4, 4]",4,9,15,0.36,0.6,0.625,1.25,0.24
"[0, 4, 9, 0, 0]",5,11,8,0.44,0.32,0.42105263157894735,0.8421052631578947,-0.12
"[3, 9, 0]",3,7,10,0.28,0.4,0.5882352941176471,1.1764705882352942,0.12
"[0, 9, 4, 0]",4,14,10,0.56,0.4,0.4166666666666667,0.8333333333333334,-0.16000000000000003
"[0, 4, 0, 0]",4,15,16,0.6,0.64,0.5161290322580645,1.032258064516129,0.040000000000000036
"[9, 3, 3, 0]",4,2,6,0.08,0.24,0.75,1.5,0.15999999999999998
"[9, 3, 3]",3,2,6,0.08,0.24,0.75,1.5,0.15999999999999998
"[0, 0, 2, 2, 9]",5,9,3,0.36,0.12,0.25,0.5,-0.24
"[4, 4, 3, 4, 3]",5,1,6,0.04,0.24,0.8571428571428571,1.7142857142857142,0.19999999999999998
"[4, 4, 0, 0, 9]",5,11,14,0.44,0.56,0.56,1.12,0.12000000000000005
"[9, 4, 4]",3,11,12,0.44,0.48,0.5217391304347826,1.0434782608695652,0.03999999999999998
"[9, 0, 9, 0, 10]",5,11,4,0.44,0.16,0.26666666666666666,0.5333333333333333,-0.28
"[2, 9, 9, 0, 2]",5,5,1,0.2,0.04,0.16666666666666666,0.3333333333333333,-0.16
"[0, 9, 9, 4, 0]",5,6,2,0.24,0.08,0.25,0.5,-0.15999999999999998
"[3, 0, 4, 10]",4,6,9,0.24,0.36,0.6,1.2,0.12
"[9, 9, 4, 4, 0]",5,5,2,0.2,0.08,0.2857142857142857,0.5714285714285714,-0.12000000000000001
"[0, 3, 4, 9, 9]",5,3,6,0.12,0.24,0.6666666666666666,1.3333333333333333,0.12
"[4, 4, 3, 0, 10]",5,4,9,0.16,0.36,0.6923076923076923,1.3846153846153846,0.19999999999999998
"[4, 3, 4, 4, 9]",5,4,11,0.16,0.44,0.7333333333333333,1.4666666666666666,0.28
"[0, 0, 2, 9, 2]",5,5,1,0.2,0.04,0.16666666666666666,0.3333333333333333,-0.16
"[0, 0, 9, 2, 9]",5,5,1,0.2,0.04,0.16666666666666666,0.3333333333333333,-0.16
"[9, 0, 2, 2]",4,9,1,0.36,0.04,0.1,0.2,-0.32
"[3, 0, 0, 0, 4]",5,5,12,0.2,0.48,0.7058823529411765,1.411764705882353,0.27999999999999997
"[0, 0, 2]",3,10,4,0.4,0.16,0.2857142857142857,0.5714285714285714,-0.24000000000000002
"[0, 0, 3, 9, 4]",5,5,4,0.2,0.16,0.4444444444444444,0.8888888888888888,-0.04000000000000001
"[3, 4, 4, 9, 4]",5,2,8,0.08,0.32,0.8,1.6,0.24
"[0, 2, 9, 0]",4,6,5,0.24,0.2,0.45454545454545453,0.9090909090909091,-0.03999999999999998
"[9, 4, 9, 10]",4,14,9,0.56,0.36,0.391304347826087,0.782608695652174,-0.20000000000000007
"[3, 0, 4, 0]",4,6,12,0.24,0.48,0.6666666666666666,1.3333333333333333,0.24
"[4, 3, 9, 0, 10]",5,3,5,0.12,0.2,0.625,1.25,0.08000000000000002
"[4, 4, 0, 3, 9]",5,3,9,0.12,0.36,0.75,1.5,0.24
"[0, 0, 4, 9]",4,15,16,0.6,0.64,0.5161290322580645,1.032258064516129,0.040000000000000036
"[0, 3, 9, 4]",4,5,7,0.2,0.28,0.5833333333333334,1.1666666666666667,0.08000000000000002
"[4, 4, 3, 0, 0]",5,3,10,0.12,0.4,0.7692307692307693,1.5384615384615385,0.28
"[3, 4, 4, 4, 10]",5,4,10,0.16,0.4,0.7142857142857143,1.4285714285714286,0.24000000000000002
"[3, 4, 3, 0, 9]",5,3,8,0.12,0.32,0.7272727272727273,1.4545454545454546,0.2
"[0, 4, 0, 3]",4,6,9,0.24,0.36,0.6,1.2,0.12
"[9, 9, 2, 2, 10]",5,5,1,0.2,0.04,0.16666666666666666,0.3333333333333333,-0.16
"[4, 3, 0, 9]",4,7,13,0.28,0.52,0.65,1.3,0.24
"[2, 9, 0, 9]",4,9,6,0.36,0.24,0.4,0.8,-0.12
"[4, 4, 4, 4, 0]",5,9,15,0.36,0.6,0.625,1.25,0.24
"[9, 4, 0, 9, 10]",5,14,9,0.56,0.36,0.391304347826087,0.782608695652174,-0.20000000000000007
"[4, 4, 3, 3, 10]",5,1,6,0.04,0.24,0.8571428571428571,1.7142857142857142,0.19999999999999998
"[0, 3, 4, 10]",4,7,7,0.28,0.28,0.5,1.0,0.0
"[3, 4, 9]",3,7,13,0.28,0.52,0.65,1.3,0.24
"[0, 4, 0, 3, 4]",5,4,6,0.16,0.24,0.6,1.2,0.07999999999999999
"[3, 9, 0, 4, 9]",5,4,6,0.16,0.24,0.6,1.2,0.07999999999999999
"[4, 0, 0, 9, 10]",5,14,13,0.56,0.52,0.48148148148148145,0.9629629629629629,-0.040000000000000036
"[4, 9, 0, 0, 4]",5,9,7,0.36,0.28,0.4375,0.875,-0.07999999999999996
"[9, 3, 3, 0, 10]",5,2,5,0.08,0.2,0.7142857142857143,1.4285714285714286,0.12000000000000001
"[3, 4, 0, 0, 4]",5,4,12,0.16,0.48,0.75,1.5,0.31999999999999995
"[4, 0, 9, 0, 4]",5,9,8,0.36,0.32,0.47058823529411764,0.9411764705882353,-0.03999999999999998
"[3, 9, 0, 0, 10]",5,7,5,0.28,0.2,0.4166666666666667,0.8333333333333334,-0.08000000000000002
"[9, 4, 9, 0]",4,6,4,0.24,0.16,0.4,0.8,-0.07999999999999999
"[4, 3, 9, 0, 0]",5,3,6,0.12,0.24,0.6666666666666666,1.3333333333333333,0.12
"[4, 9, 4, 4, 0]",5,9,9,0.36,0.36,0.5,1.0,0.0
"[9, 9, 0, 9, 10]",5,14,4,0.56,0.16,0.2222222222222222,0.4444444444444444,-0.4
"[3, 4, 9, 9]",4,3,7,0.12,0.28,0.7,1.4,0.16000000000000003
"[3, 4, 4, 4, 0]",5,4,13,0.16,0.52,0.7647058823529411,1.5294117647058822,0.36
"[9, 9, 0, 2]",4,6,1,0.24,0.04,0.14285714285714285,0.2857142857142857,-0.19999999999999998
"[0, 4, 3]",3,8,12,0.32,0.48,0.6,1.2,0.15999999999999998
"[3, 4, 3, 9, 4]",5,2,5,0.08,0.2,0.7142857142857143,1.4285714285714286,0.12000000000000001
"[0, 4, 3, 4]",4,5,9,0.2,0.36,0.6428571428571429,1.2857142857142858,0.15999999999999998
"[3, 0, 3, 4, 0]",5,3,5,0.12,0.2,0.625,1.25,0.08000000000000002
"[0, 3, 0, 4, 3]",5,3,5,0.12,0.2,0.625,1.25,0.08000000000000002
"[0, 0, 4, 4, 4]",5,10,14,0.4,0.56,0.5833333333333334,1.1666666666666667,0.16000000000000003
"[4, 4, 3, 3, 0]",5,1,8,0.04,0.32,0.8888888888888888,1.7777777777777777,0.28
"[0, 3, 4, 0]",4,7,9,0.28,0.36,0.5625,1.125,0.07999999999999996
"[3, 0, 4, 3, 9]",5,3,7,0.12,0.28,0.7,1.4,0.16000000000000003
"[4, 3, 3, 9]",4,1,9,0.04,0.36,0.9,1.8,0.32
"[2, 9, 2]",3,9,1,0.36,0.04,0.1,0.2,-0.32
"[0, 9, 2, 10]",4,5,1,0.2,0.04,0.16666666666666666,0.3333333333333333,-0.16
"[9, 2, 9]",3,10,1,0.4,0.04,0.09090909090909091,0.18181818181818182,-0.36000000000000004
"[3, 3, 3, 3]",4,3,10,0.12,0.4,0.7692307692307693,1.5384615384615385,0.28
"[9, 0, 4, 4, 4]",5,10,9,0.4,0.36,0.47368421052631576,0.9473684210526315,-0.040000000000000036
"[9, 2, 0, 0, 0]",5,10,1,0.4,0.04,0.09090909090909091,0.18181818181818182,-0.36000000000000004
"[0, 3, 0, 0, 9]",5,7,10,0.28,0.4,0.5882352941176471,1.1764705882352942,0.12
"[4, 4, 4, 4, 3]",5,3,10,0.12,0.4,0.7692307692307693,1.5384615384615385,0.28
"[3, 9, 0, 0, 0]",5,7,7,0.28,0.28,0.5,1.0,0.0
"[3, 3, 4, 4]",4,2,8,0.08,0.32,0.8,1.6,0.24
"[2, 9, 2, 9, 10]",5,8,1,0.32,0.04,0.1111111111111111,0.2222222222222222,-0.28
"[9, 9, 0, 0, 0]",5,14,4,0.56,0.16,0.2222222222222222,0.4444444444444444,-0.4
"[9, 0, 4, 4]",4,11,10,0.44,0.4,0.47619047619047616,0.9523809523809523,-0.03999999999999998
"[4, 3, 0, 0, 4]",5,4,11,0.16,0.44,0.7333333333333333,1.4666666666666666,0.28
"[9, 9, 2]",3,6,1,0.24,0.04,0.14285714285714285,0.2857142857142857,-0.19999999999999998
"[9, 4, 0, 4]",4,10,10,0.4,0.4,0.5,1.0,0.0
"[0, 9, 2, 0]",4,6,1,0.24,0.04,0.14285714285714285,0.2857142857142857,-0.19999999999999998
"[4, 4, 3, 4]",4,4,10,0.16,0.4,0.7142857142857143,1.4285714285714286,0.24000000000000002
"[3, 4, 3, 4, 0]",5,2,6,0.08,0.24,0.75,1.5,0.15999999999999998
"[0, 3, 9, 0, 9]",5,5,7,0.2,0.28,0.5833333333333334,1.1666666666666667,0.08000000000000002
"[0, 9, 4, 9]",4,14,9,0.56,0.36,0.391304347826087,0.782608695652174,-0.20000000000000007
"[9, 4, 4, 10]",4,11,9,0.44,0.36,0.45,0.9,-0.08000000000000002
"[4, 4, 9, 4, 9]",5,8,8,0.32,0.32,0.5,1.0,0.0
"[0, 2, 2, 2, 9]",5,9,3,0.36,0.12,0.25,0.5,-0.24
"[3, 4, 4, 4, 3]",5,1,8,0.04,0.32,0.8888888888888888,1.7777777777777777,0.28
"[4, 3, 3, 9, 10]",5,1,7,0.04,0.28,0.875,1.75,0.24000000000000002
"[3, 3, 9, 0, 9]",5,3,6,0.12,0.24,0.6666666666666666,1.3333333333333333,0.12
"[0, 2, 0, 2, 9]",5,10,3,0.4,0.12,0.23076923076923078,0.46153846153846156,-0.28
"[2, 0, 0, 9, 10]",5,9,6,0.36,0.24,0.4,0.8,-0.12
"[0, 4, 0, 9, 4]",5,9,9,0.36,0.36,0.5,1.0,0.0
"[4, 9, 4, 0, 10]",5,9,7,0.36,0.28,0.4375,0.875,-0.07999999999999996
"[0, 0, 3, 0, 10]",5,11,10,0.44,0.4,0.47619047619047616,0.9523809523809523,-0.03999999999999998
"[4, 9, 0, 9, 10]",5,10,8,0.4,0.32,0.4444444444444444,0.8888888888888888,-0.08000000000000002
"[3, 4, 4, 0, 10]",5,5,10,0.2,0.4,0.6666666666666666,1.3333333333333333,0.2
"[2, 9, 2, 9, 0]",5,6,1,0.24,0.04,0.14285714285714285,0.2857142857142857,-0.19999999999999998
"[0, 9, 0, 0, 4]",5,13,7,0.52,0.28,0.35,0.7,-0.24
"[3, 4, 0, 9, 10]",5,7,10,0.28,0.4,0.5882352941176471,1.1764705882352942,0.12
"[0, 4, 4, 9, 10]",5,11,12,0.44,0.48,0.5217391304347826,1.0434782608695652,0.03999999999999998
"[4, 0, 9, 4]",4,9,10,0.36,0.4,0.5263157894736842,1.0526315789473684,0.040000000000000036
"[4, 0, 0, 0, 3]",5,6,8,0.24,0.32,0.5714285714285714,1.1428571428571428,0.08000000000000002
"[3, 4, 9, 0, 4]",5,3,6,0.12,0.24,0.6666666666666666,1.3333333333333333,0.12
"[0, 0, 9, 0, 9]",5,17,14,0.68,0.56,0.45161290322580644,0.9032258064516129,-0.12
"[4, 4, 9]",3,11,16,0.44,0.64,0.5925925925925926,1.1851851851851851,0.2
"[0, 2, 9, 2, 9]",5,6,1,0.24,0.04,0.14285714285714285,0.2857142857142857,-0.19999999999999998
"[4, 0, 3, 0, 4]",5,3,9,0.12,0.36,0.75,1.5,0.24
"[4, 9, 4, 4]",4,9,9,0.36,0.36,0.5,1.0,0.0
"[9, 4, 4, 0]",4,11,12,0.44,0.48,0.5217391304347826,1.0434782608695652,0.03999999999999998
"[0, 2, 0, 9, 2]",5,5,1,0.2,0.04,0.16666666666666666,0.3333333333333333,-0.16
"[3, 0, 4, 9, 4]",5,3,8,0.12,0.32,0.7272727272727273,1.4545454545454546,0.2
"[4, 3, 3, 9, 0]",5,1,5,0.04,0.2,0.8333333333333334,1.6666666666666667,0.16
"[0, 4, 9, 4]",4,9,9,0.36,0.36,0.5,1.0,0.0
"[2, 2, 2, 0, 10]",5,8,4,0.32,0.16,0.3333333333333333,0.6666666666666666,-0.16
"[9, 4, 3]",3,5,4,0.2,0.16,0.4444444444444444,0.8888888888888888,-0.04000000000000001
"[4, 0, 3, 4, 10]",5,4,7,0.16,0.28,0.6363636363636364,1.2727272727272727,0.12000000000000002
"[4, 4, 9, 9]",4,9,8,0.36,0.32,0.47058823529411764,0.9411764705882353,-0.03999999999999998
"[2, 0, 0, 9, 0]",5,5,6,0.2,0.24,0.5454545454545454,1.0909090909090908,0.03999999999999998
"[9, 0, 9, 0, 9]",5,11,4,0.44,0.16,0.26666666666666666,0.5333333333333333,-0.28
"[0, 3, 0, 3, 0]",5,5,7,0.2,0.28,0.5833333333333334,1.1666666666666667,0.08000000000000002
"[3, 9, 4, 4, 4]",5,3,8,0.12,0.32,0.7272727272727273,1.4545454545454546,0.2
"[0, 2, 2, 0, 10]",5,9,4,0.36,0.16,0.3076923076923077,0.6153846153846154,-0.19999999999999998
"[0, 0, 3, 0, 0]",5,9,9,0.36,0.36,0.5,1.0,0.0
"[9, 9, 2, 0, 10]",5,5,1,0.2,0.04,0.16666666666666666,0.3333333333333333,-0.16
"[4, 4, 3, 0, 9]",5,4,12,0.16,0.48,0.75,1.5,0.31999999999999995
"[3, 4, 0, 9, 0]",5,3,8,0.12,0.32,0.7272727272727273,1.4545454545454546,0.2
"[0, 4, 4, 9, 0]",5,9,9,0.36,0.36,0.5,1.0,0.0
"[0, 0, 3, 3, 10]",5,4,8,0.16,0.32,0.6666666666666666,1.3333333333333333,0.16
"[3, 4, 4, 3, 10]",5,1,5,0.04,0.2,0.8333333333333334,1.6666666666666667,0.16
"[2, 10]",2,9,6,0.36,0.24,0.4,0.8,-0.12
"[0, 0, 0, 9, 4]",5,14,9,0.56,0.36,0.391304347826087,0.782608695652174,-0.20000000000000007
"[9, 2, 0, 2, 2]",5,8,1,0.32,0.04,0.1111111111111111,0.2222222222222222,-0.28
"[3, 0, 3, 3, 10]",5,4,5,0.16,0.2,0.5555555555555556,1.1111111111111112,0.04000000000000001
"[3, 9, 0, 10]",4,7,7,0.28,0.28,0.5,1.0,0.0
"[4, 0, 0, 3, 3]",5,1,8,0.04,0.32,0.8888888888888888,1.7777777777777777,0.28
"[0, 4, 3, 3, 10]",5,1,6,0.04,0.24,0.8571428571428571,1.7142857142857142,0.19999999999999998
"[3, 0, 0, 0, 3]",5,5,6,0.2,0.24,0.5454545454545454,1.0909090909090908,0.03999999999999998
"[0, 0, 9, 3, 9]",5,5,5,0.2,0.2,0.5,1.0,0.0
"[2, 2, 2, 0, 0]",5,8,4,0.32,0.16,0.3333333333333333,0.6666666666666666,-0.16
"[0, 0, 9, 2]",4,5,1,0.2,0.04,0.16666666666666666,0.3333333333333333,-0.16
"[9, 0, 0, 9, 4]",5,7,4,0.28,0.16,0.36363636363636365,0.7272727272727273,-0.12000000000000002
"[0, 2, 2, 0, 0]",5,9,4,0.36,0.16,0.3076923076923077,0.6153846153846154,-0.19999999999999998
"[9, 4]",2,15,12,0.6,0.48,0.4444444444444444,0.8888888888888888,-0.12
"[9, 0, 0, 4, 10]",5,14,7,0.56,0.28,0.3333333333333333,0.6666666666666666,-0.28
"[4, 4, 0, 4, 9]",5,10,14,0.4,0.56,0.5833333333333334,1.1666666666666667,0.16000000000000003
"[9, 9, 2, 2, 9]",5,5,1,0.2,0.04,0.16666666666666666,0.3333333333333333,-0.16
"[2, 9, 0, 9, 10]",5,8,6,0.32,0.24,0.42857142857142855,0.8571428571428571,-0.08000000000000002
"[0, 0, 3, 3, 0]",5,5,11,0.2,0.44,0.6875,1.375,0.24
"[2, 0]",2,10,6,0.4,0.24,0.375,0.75,-0.16000000000000003
"[9, 4, 0, 9, 9]",5,5,2,0.2,0.08,0.2857142857142857,0.5714285714285714,-0.12000000000000001
"[2, 0, 2, 10]",4,9,3,0.36,0.12,0.25,0.5,-0.24
"[0, 9, 4, 0, 10]",5,13,7,0.52,0.28,0.35,0.7,-0.24
"[9, 0, 2, 9, 10]",5,9,1,0.36,0.04,0.1,0.2,-0.32
"[0, 4, 0, 3, 3]",5,1,7,0.04,0.28,0.875,1.75,0.24000000000000002
"[3, 3, 4, 4, 4]",5,2,8,0.08,0.32,0.8,1.6,0.24
"[3, 9, 0, 0]",4,7,7,0.28,0.28,0.5,1.0,0.0
"[4, 0, 4, 0, 9]",5,10,15,0.4,0.6,0.6,1.2,0.19999999999999996
"[0, 4, 3, 3, 0]",5,1,8,0.04,0.32,0.8888888888888888,1.7777777777777777,0.28
"[4, 0, 0, 9, 9]",5,10,10,0.4,0.4,0.5,1.0,0.0
"[0, 4, 0, 4, 3]",5,3,8,0.12,0.32,0.7272727272727273,1.4545454545454546,0.2
"[0, 9, 9, 0, 4]",5,5,3,0.2,0.12,0.375,0.75,-0.08000000000000002
"[3, 4, 9, 9, 10]",5,3,5,0.12,0.2,0.625,1.25,0.08000000000000002
"[3, 4, 0, 0, 3]",5,2,5,0.08,0.2,0.7142857142857143,1.4285714285714286,0.12000000000000001
"[2, 0, 9, 2, 10]",5,5,1,0.2,0.04,0.16666666666666666,0.3333333333333333,-0.16
"[3, 9, 0, 0, 9]",5,7,6,0.28,0.24,0.46153846153846156,0.9230769230769231,-0.040000000000000036
"[4, 9, 0, 4, 9]",5,9,7,0.36,0.28,0.4375,0.875,-0.07999999999999996
"[9, 9, 4, 0, 9]",5,7,3,0.28,0.12,0.3,0.6,-0.16000000000000003
"[3, 0, 0, 4, 4]",5,5,12,0.2,0.48,0.7058823529411765,1.411764705882353,0.27999999999999997
"[3, 4, 0, 4, 9]",5,4,12,0.16,0.48,0.75,1.5,0.31999999999999995
"[0, 4, 0, 0, 10]",5,14,12,0.56,0.48,0.46153846153846156,0.9230769230769231,-0.08000000000000007
"[2, 2, 0, 10]",4,9,5,0.36,0.2,0.35714285714285715,0.7142857142857143,-0.15999999999999998
"[9, 0, 0, 4, 0]",5,14,8,0.56,0.32,0.36363636363636365,0.7272727272727273,-0.24000000000000005
"[4, 0, 4, 3]",4,3,11,0.12,0.44,0.7857142857142857,1.5714285714285714,0.32
"[2, 9, 0, 9, 0]",5,5,2,0.2,0.08,0.2857142857142857,0.5714285714285714,-0.12000000000000001
"[4, 4, 0, 3]",4,3,9,0.12,0.36,0.75,1.5,0.24
"[2, 0, 2, 0]",4,10,3,0.4,0.12,0.23076923076923078,0.46153846153846156,-0.28
"[4, 3, 4, 4]",4,4,11,0.16,0.44,0.7333333333333333,1.4666666666666666,0.28
"[0, 0, 4]",3,15,16,0.6,0.64,0.5161290322580645,1.032258064516129,0.040000000000000036
"[9, 0, 2, 0, 0]",5,9,1,0.36,0.04,0.1,0.2,-0.32
"[0, 0, 3, 10]",4,11,10,0.44,0.4,0.47619047619047616,0.9523809523809523,-0.03999999999999998
"[4, 0, 0, 10]",4,14,13,0.56,0.52,0.48148148148148145,0.9629629629629629,-0.040000000000000036
"[0, 2, 9, 2]",4,6,1,0.24,0.04,0.14285714285714285,0.2857142857142857,-0.19999999999999998
"[4, 4, 4, 9]",4,10,16,0.4,0.64,0.6153846153846154,1.2307692307692308,0.24
"[0, 9, 2, 9]",4,6,1,0.24,0.04,0.14285714285714285,0.2857142857142857,-0.19999999999999998
"[3, 0, 4, 4, 3]",5,1,7,0.04,0.28,0.875,1.75,0.24000000000000002
"[0, 4, 4, 3]",4,4,11,0.16,0.44,0.7333333333333333,1.4666666666666666,0.28
"[9, 2, 2, 10]",4,8,1,0.32,0.04,0.1111111111111111,0.2222222222222222,-0.28
"[4, 3, 4, 3, 0]",5,1,6,0.04,0.24,0.8571428571428571,1.7142857142857142,0.19999999999999998
"[0, 2, 0, 0, 9]",5,10,5,0.4,0.2,0.3333333333333333,0.6666666666666666,-0.2
"[4, 0, 4, 3, 9]",5,3,11,0.12,0.44,0.7857142857142857,1.5714285714285714,0.32
"[0, 9, 0, 9, 4]",5,6,3,0.24,0.12,0.3333333333333333,0.6666666666666666,-0.12
"[3, 3, 3, 4, 3]",5,2,5,0.08,0.2,0.7142857142857143,1.4285714285714286,0.12000000000000001
"[2, 0, 9, 2, 0]",5,6,1,0.24,0.04,0.14285714285714285,0.2857142857142857,-0.19999999999999998
"[3, 0, 4, 0, 10]",5,6,9,0.24,0.36,0.6,1.2,0.12
"[3, 3, 4, 3]",4,3,6,0.12,0.24,0.6666666666666666,1.3333333333333333,0.12
"[0, 0, 0, 3, 3]",5,4,8,0.16,0.32,0.6666666666666666,1.3333333333333333,0.16
"[3, 4, 0, 3, 4]",5,2,5,0.08,0.2,0.7142857142857143,1.4285714285714286,0.12000000000000001
"[0, 3, 3, 9, 10]",5,4,8,0.16,0.32,0.6666666666666666,1.3333333333333333,0.16
"[4, 0, 3, 9, 0]",5,2,7,0.08,0.28,0.7777777777777778,1.5555555555555556,0.2
"[4, 4, 4, 0, 4]",5,9,14,0.36,0.56,0.6086956521739131,1.2173913043478262,0.20000000000000007
"[0, 4, 0, 0, 0]",5,13,16,0.52,0.64,0.5517241379310345,1.103448275862069,0.12
"[9, 0, 4, 9, 10]",5,14,7,0.56,0.28,0.3333333333333333,0.6666666666666666,-0.28
"[2, 9, 2, 9, 9]",5,5,1,0.2,0.04,0.16666666666666666,0.3333333333333333,-0.16
"[4, 4, 0, 9, 4]",5,8,9,0.32,0.36,0.5294117647058824,1.0588235294117647,0.03999999999999998
"[3, 3, 3, 0, 10]",5,4,6,0.16,0.24,0.6,1.2,0.07999999999999999
"[4, 0, 9, 4, 4]",5,9,9,0.36,0.36,0.5,1.0,0.0
"[3, 3, 0, 10]",4,5,10,0.2,0.4,0.6666666666666666,1.3333333333333333,0.2
"[2, 2, 0, 2, 10]",5,8,3,0.32,0.12,0.2727272727272727,0.5454545454545454,-0.2
"[0, 0, 3, 0]",4,13,13,0.52,0.52,0.5,1.0,0.0
"[4, 0, 0, 0]",4,13,17,0.52,0.68,0.5666666666666667,1.1333333333333333,0.16000000000000003
"[9, 2, 2, 9, 10]",5,8,1,0.32,0.04,0.1111111111111111,0.2222222222222222,-0.28
"[4, 4, 3, 3]",4,1,8,0.04,0.32,0.8888888888888888,1.7777777777777777,0.28
"[9, 0, 9, 10]",4,22,14,0.88,0.56,0.3888888888888889,0.7777777777777778,-0.31999999999999995
"[0, 3, 4]",3,7,9,0.28,0.36,0.5625,1.125,0.07999999999999996
"[9, 4, 4, 9]",4,11,11,0.44,0.44,0.5,1.0,0.0
"[4, 0, 3, 10]",4,5,9,0.2,0.36,0.6428571428571429,1.2857142857142858,0.15999999999999998
"[0, 0, 4, 0, 0]",5,15,15,0.6,0.6,0.5,1.0,0.0
"[9, 2, 2, 0]",4,8,1,0.32,0.04,0.1111111111111111,0.2222222222222222,-0.28
"[9, 9, 0, 4]",4,6,4,0.24,0.16,0.4,0.8,-0.07999999999999999
"[4, 3]",2,8,14,0.32,0.56,0.6363636363636364,1.2727272727272727,0.24000000000000005
"[2, 0, 0, 9, 9]",5,5,6,0.2,0.24,0.5454545454545454,1.0909090909090908,0.03999999999999998
"[3, 0, 4, 0, 0]",5,6,12,0.24,0.48,0.6666666666666666,1.3333333333333333,0.24
"[0, 2, 0, 0]",4,10,5,0.4,0.2,0.3333333333333333,0.6666666666666666,-0.2
"[4, 9, 4, 0, 9]",5,9,8,0.36,0.32,0.47058823529411764,0.9411764705882353,-0.03999999999999998
"[3, 0, 3, 4]",4,3,5,0.12,0.2,0.625,1.25,0.08000000000000002
"[0, 0, 3, 9, 9]",5,5,4,0.2,0.16,0.4444444444444444,0.8888888888888888,-0.04000000000000001
"[2, 2, 2, 0]",4,9,4,0.36,0.16,0.3076923076923077,0.6153846153846154,-0.19999999999999998
"[9, 0, 4, 9, 0]",5,6,4,0.24,0.16,0.4,0.8,-0.07999999999999999
"[3, 4, 4, 0, 9]",5,5,13,0.2,0.52,0.7222222222222222,1.4444444444444444,0.32
"[0, 3, 0, 4]",4,6,9,0.24,0.36,0.6,1.2,0.12
"[3, 3, 3, 0, 0]",5,4,7,0.16,0.28,0.6363636363636364,1.2727272727272727,0.12000000000000002
"[0, 3, 4, 0, 4]",5,4,8,0.16,0.32,0.6666666666666666,1.3333333333333333,0.16
"[0, 10]",2,23,19,0.92,0.76,0.4523809523809524,0.9047619047619048,-0.16000000000000003
"[3, 0, 3, 0, 9]",5,5,7,0.2,0.28,0.5833333333333334,1.1666666666666667,0.08000000000000002
"[4, 4, 4, 3, 4]",5,4,10,0.16,0.4,0.7142857142857143,1.4285714285714286,0.24000000000000002
"[3, 3, 0, 0]",4,5,12,0.2,0.48,0.7058823529411765,1.411764705882353,0.27999999999999997
"[0, 4, 4, 9, 9]",5,9,8,0.36,0.32,0.47058823529411764,0.9411764705882353,-0.03999999999999998
"[2, 2, 0, 2, 0]",5,9,3,0.36,0.12,0.25,0.5,-0.24
"[9, 2, 0, 0, 2]",5,9,1,0.36,0.04,0.1,0.2,-0.32
"[0, 3, 4, 4, 10]",5,5,6,0.2,0.24,0.5454545454545454,1.0909090909090908,0.03999999999999998
"[9, 2, 2, 9, 0]",5,5,1,0.2,0.04,0.16666666666666666,0.3333333333333333,-0.16
"[3, 4, 9, 4, 10]",5,3,5,0.12,0.2,0.625,1.25,0.08000000000000002
"[3, 0, 9, 4, 4]",5,4,7,0.16,0.28,0.6363636363636364,1.2727272727272727,0.12000000000000002
"[0, 0, 0, 2, 10]",5,9,4,0.36,0.16,0.3076923076923077,0.6153846153846154,-0.19999999999999998
"[3, 3, 0, 9, 4]",5,3,6,0.12,0.24,0.6666666666666666,1.3333333333333333,0.12
"[4, 3, 0, 4, 4]",5,4,11,0.16,0.44,0.7333333333333333,1.4666666666666666,0.28
"[9, 0, 0, 0]",4,23,13,0.92,0.52,0.3611111111111111,0.7222222222222222,-0.4
"[0, 9, 2, 0, 9]",5,6,1,0.24,0.04,0.14285714285714285,0.2857142857142857,-0.19999999999999998
"[4, 0, 10]",3,14,14,0.56,0.56,0.5,1.0,0.0
"[4, 0, 3, 0]",4,6,12,0.24,0.48,0.6666666666666666,1.3333333333333333,0.24
"[9, 9, 0, 0, 2]",5,5,1,0.2,0.04,0.16666666666666666,0.3333333333333333,-0.16
"[2, 2, 2, 9, 9]",5,7,4,0.28,0.16,0.36363636363636365,0.7272727272727273,-0.12000000000000002
"[0, 3, 9, 4, 4]",5,4,6,0.16,0.24,0.6,1.2,0.07999999999999999
"[4, 0, 3, 4, 9]",5,4,9,0.16,0.36,0.6923076923076923,1.3846153846153846,0.19999999999999998
"[2, 9, 2, 0]",4,9,1,0.36,0.04,0.1,0.2,-0.32
"[9, 9, 4]",3,7,5,0.28,0.2,0.4166666666666667,0.8333333333333334,-0.08000000000000002
"[2, 2, 9, 0, 10]",5,7,5,0.28,0.2,0.4166666666666667,0.8333333333333334,-0.08000000000000002
"[9, 0, 0, 2, 10]",5,9,1,0.36,0.04,0.1,0.2,-0.32
"[4, 9, 0, 10]",4,10,8,0.4,0.32,0.4444444444444444,0.8888888888888888,-0.08000000000000002
"[0, 9, 4, 9, 10]",5,13,7,0.52,0.28,0.35,0.7,-0.24
"[4, 0, 4, 9, 10]",5,10,12,0.4,0.48,0.5454545454545454,1.0909090909090908,0.07999999999999996
"[9, 9, 2, 0, 9]",5,5,1,0.2,0.04,0.16666666666666666,0.3333333333333333,-0.16
"[4, 3, 4, 9, 0]",5,2,8,0.08,0.32,0.8,1.6,0.24
"[0, 0]",2,25,22,1.0,0.88,0.46808510638297873,0.9361702127659575,-0.12
"[2, 0, 0, 10]",4,9,6,0.36,0.24,0.4,0.8,-0.12
"[0, 0, 4, 0, 3]",5,6,7,0.24,0.28,0.5384615384615384,1.0769230769230769,0.040000000000000036
"[3, 4, 4, 3, 9]",5,1,8,0.04,0.32,0.8888888888888888,1.7777777777777777,0.28
"[0, 3, 3, 4]",4,3,5,0.12,0.2,0.625,1.25,0.08000000000000002
"[0, 0, 0, 9, 3]",5,5,4,0.2,0.16,0.4444444444444444,0.8888888888888888,-0.04000000000000001
"[4, 4, 4, 9, 10]",5,10,13,0.4,0.52,0.5652173913043478,1.1304347826086956,0.12
"[3, 3, 3, 3, 0]",5,3,10,0.12,0.4,0.7692307692307693,1.5384615384615385,0.28
"[3, 10]",2,12,15,0.48,0.6,0.5555555555555556,1.1111111111111112,0.12
"[3, 4, 9, 4, 0]",5,3,8,0.12,0.32,0.7272727272727273,1.4545454545454546,0.2
"[3, 0, 3, 3, 9]",5,4,6,0.16,0.24,0.6,1.2,0.07999999999999999
"[0, 9, 0, 4, 4]",5,11,8,0.44,0.32,0.42105263157894735,0.8421052631578947,-0.12
"[0, 4, 3, 9, 4]",5,3,7,0.12,0.28,0.7,1.4,0.16000000000000003
"[0, 0, 0, 2, 0]",5,9,4,0.36,0.16,0.3076923076923077,0.6153846153846154,-0.19999999999999998
"[0, 3, 3, 0, 3]",5,3,6,0.12,0.24,0.6666666666666666,1.3333333333333333,0.12
"[0, 0, 9, 4, 4]",5,11,9,0.44,0.36,0.45,0.9,-0.08000000000000002
"[4, 0, 0, 4, 3]",5,3,9,0.12,0.36,0.75,1.5,0.24
"[4, 0, 0]",3,15,17,0.6,0.68,0.53125,1.0625,0.08000000000000007
"[0, 4, 3, 4, 10]",5,5,7,0.2,0.28,0.5833333333333334,1.1666666666666667,0.08000000000000002
"[3, 3, 3, 0, 3]",5,3,6,0.12,0.24,0.6666666666666666,1.3333333333333333,0.12
"[2, 0, 9, 0, 10]",5,5,6,0.2,0.24,0.5454545454545454,1.0909090909090908,0.03999999999999998
"[0, 3, 3, 4, 9]",5,3,5,0.12,0.2,0.625,1.25,0.08000000000000002
"[3, 3, 0, 4, 0]",5,3,9,0.12,0.36,0.75,1.5,0.24
"[0, 9, 0]",3,18,15,0.72,0.6,0.45454545454545453,0.9090909090909091,-0.12
"[2, 2, 9, 2, 10]",5,5,1,0.2,0.04,0.16666666666666666,0.3333333333333333,-0.16
"[4, 3, 10]",3,7,10,0.28,0.4,0.5882352941176471,1.1764705882352942,0.12
"[9, 0, 0, 2, 0]",5,8,1,0.32,0.04,0.1111111111111111,0.2222222222222222,-0.28
"[4, 9, 0, 0]",4,11,9,0.44,0.36,0.45,0.9,-0.08000000000000002
"[0, 9, 4, 9, 0]",5,6,3,0.24,0.12,0.3333333333333333,0.6666666666666666,-0.12
"[9, 0, 9, 4, 4]",5,5,4,0.2,0.16,0.4444444444444444,0.8888888888888888,-0.04000000000000001
"[4, 0, 4, 9, 0]",5,9,9,0.36,0.36,0.5,1.0,0.0
"[9, 9, 9, 10]",4,14,4,0.56,0.16,0.2222222222222222,0.4444444444444444,-0.4
"[9, 0, 0, 3]",4,7,4,0.28,0.16,0.36363636363636365,0.7272727272727273,-0.12000000000000002
"[3, 4, 3, 10]",4,3,5,0.12,0.2,0.625,1.25,0.08000000000000002
"[0, 0, 2, 2, 10]",5,9,3,0.36,0.12,0.25,0.5,-0.24
"[2, 0, 0, 0]",4,10,6,0.4,0.24,0.375,0.75,-0.16000000000000003
"[3, 4, 0, 4]",4,4,12,0.16,0.48,0.75,1.5,0.31999999999999995
"[4, 4, 3, 4, 4]",5,3,9,0.12,0.36,0.75,1.5,0.24
"[4, 4, 0, 0, 10]",5,11,11,0.44,0.44,0.5,1.0,0.0
"[0, 0, 4, 3, 4]",5,5,6,0.2,0.24,0.5454545454545454,1.0909090909090908,0.03999999999999998
"[0, 9, 4, 0, 9]",5,14,8,0.56,0.32,0.36363636363636365,0.7272727272727273,-0.24000000000000005
"[4, 4, 4, 9, 0]",5,9,9,0.36,0.36,0.5,1.0,0.0
"[3, 0, 9, 4]",4,5,8,0.2,0.32,0.6153846153846154,1.2307692307692308,0.12
"[3, 0]",2,14,19,0.56,0.76,0.5757575757575758,1.1515151515151516,0.19999999999999996
"[2, 0, 0, 0, 2]",5,10,3,0.4,0.12,0.23076923076923078,0.46153846153846156,-0.28
"[3, 4, 3, 3, 4]",5,1,5,0.04,0.2,0.8333333333333334,1.6666666666666667,0.16
"[0, 0, 2, 10]",4,9,4,0.36,0.16,0.3076923076923077,0.6153846153846154,-0.19999999999999998
"[4, 3, 3, 0, 10]",5,1,7,0.04,0.28,0.875,1.75,0.24000000000000002
"[0, 4, 3, 4, 0]",5,5,9,0.2,0.36,0.6428571428571429,1.2857142857142858,0.15999999999999998
"[2, 0, 9, 0, 0]",5,6,6,0.24,0.24,0.5,1.0,0.0
"[3, 3, 4, 9, 10]",5,3,6,0.12,0.24,0.6666666666666666,1.3333333333333333,0.12
"[0, 3, 3, 3, 3]",5,3,8,0.12,0.32,0.7272727272727273,1.4545454545454546,0.2
"[4, 3, 4, 4, 10]",5,4,8,0.16,0.32,0.6666666666666666,1.3333333333333333,0.16
"[2, 2, 9, 2, 0]",5,6,1,0.24,0.04,0.14285714285714285,0.2857142857142857,-0.19999999999999998
"[4, 3, 0]",3,8,14,0.32,0.56,0.6363636363636364,1.2727272727272727,0.24000000000000005
"[3, 3, 3, 3, 3]",5,3,6,0.12,0.24,0.6666666666666666,1.3333333333333333,0.12
"[0, 4, 0, 0, 9]",5,14,15,0.56,0.6,0.5172413793103449,1.0344827586206897,0.039999999999999925
"[2, 2, 0, 9]",4,10,5,0.4,0.2,0.3333333333333333,0.6666666666666666,-0.2
"[3, 4, 3, 0]",4,3,8,0.12,0.32,0.7272727272727273,1.4545454545454546,0.2
"[0, 0, 2, 2, 0]",5,8,3,0.32,0.12,0.2727272727272727,0.5454545454545454,-0.2
"[0, 4, 4, 0, 10]",5,11,12,0.44,0.48,0.5217391304347826,1.0434782608695652,0.03999999999999998
"[3, 0, 0, 9, 10]",5,9,10,0.36,0.4,0.5263157894736842,1.0526315789473684,0.040000000000000036
"[0, 0, 9, 4]",4,14,10,0.56,0.4,0.4166666666666667,0.8333333333333334,-0.16000000000000003
"[4, 4, 0, 0, 0]",5,11,14,0.44,0.56,0.56,1.12,0.12000000000000005
"[2, 2, 0, 0, 9]",5,10,5,0.4,0.2,0.3333333333333333,0.6666666666666666,-0.2
"[2, 2, 2, 0, 2]",5,8,3,0.32,0.12,0.2727272727272727,0.5454545454545454,-0.2
"[0, 9, 3]",3,6,5,0.24,0.2,0.45454545454545453,0.9090909090909091,-0.03999999999999998
"[3, 3, 0, 4, 3]",5,3,5,0.12,0.2,0.625,1.25,0.08000000000000002
"[9, 4, 4, 4, 4]",5,9,11,0.36,0.44,0.55,1.1,0.08000000000000002
"[3, 0, 9, 0, 4]",5,4,6,0.16,0.24,0.6,1.2,0.07999999999999999
"[0, 2, 2, 0, 2]",5,8,2,0.32,0.08,0.2,0.4,-0.24
"[4, 4, 0, 3, 10]",5,3,7,0.12,0.28,0.7,1.4,0.16000000000000003
"[0, 9, 3, 3]",4,2,5,0.08,0.2,0.7142857142857143,1.4285714285714286,0.12000000000000001
"[0, 0, 4, 10]",4,14,13,0.56,0.52,0.48148148148148145,0.9629629629629629,-0.040000000000000036
"[0, 3, 4, 9, 0]",5,3,6,0.12,0.24,0.6666666666666666,1.3333333333333333,0.12
"[0, 4, 9, 0, 4]",5,9,7,0.36,0.28,0.4375,0.875,-0.07999999999999996
"[4, 3, 0, 3, 9]",5,1,5,0.04,0.2,0.8333333333333334,1.6666666666666667,0.16
"[0, 0, 4, 9, 9]",5,10,9,0.4,0.36,0.47368421052631576,0.9473684210526315,-0.040000000000000036
"[3, 9, 4]",3,5,10,0.2,0.4,0.6666666666666666,1.3333333333333333,0.2
"[9, 2, 2, 9]",4,8,1,0.32,0.04,0.1111111111111111,0.2222222222222222,-0.28
"[0, 9, 4, 4, 10]",5,11,6,0.44,0.24,0.35294117647058826,0.7058823529411765,-0.2
"[3, 3, 0, 0, 10]",5,4,7,0.16,0.28,0.6363636363636364,1.2727272727272727,0.12000000000000002
"[4, 3, 9, 10]",4,7,10,0.28,0.4,0.5882352941176471,1.1764705882352942,0.12
"[2, 9, 9, 10]",4,8,6,0.32,0.24,0.42857142857142855,0.8571428571428571,-0.08000000000000002
"[0, 4, 0, 4]",4,10,14,0.4,0.56,0.5833333333333334,1.1666666666666667,0.16000000000000003
"[3, 3, 4, 9, 0]",5,2,5,0.08,0.2,0.7142857142857143,1.4285714285714286,0.12000000000000001
"[3, 0, 4, 9, 9]",5,3,7,0.12,0.28,0.7,1.4,0.16000000000000003
"[4, 3, 4, 4, 0]",5,4,11,0.16,0.44,0.7333333333333333,1.4666666666666666,0.28
"[2, 2]",2,10,5,0.4,0.2,0.3333333333333333,0.6666666666666666,-0.2
"[4, 0, 4, 4, 9]",5,10,15,0.4,0.6,0.6,1.2,0.19999999999999996
"[3, 4, 10]",3,7,10,0.28,0.4,0.5882352941176471,1.1764705882352942,0.12
"[0, 9, 9, 4, 4]",5,5,3,0.2,0.12,0.375,0.75,-0.08000000000000002
"[0, 0, 0, 4, 3]",5,8,8,0.32,0.32,0.5,1.0,0.0
"[9, 0, 4, 9, 9]",5,5,2,0.2,0.08,0.2857142857142857,0.5714285714285714,-0.12000000000000001
"[0, 0, 9, 2, 0]",5,5,1,0.2,0.04,0.16666666666666666,0.3333333333333333,-0.16
"[3, 3, 9, 9]",4,3,6,0.12,0.24,0.6666666666666666,1.3333333333333333,0.12
"[0, 9, 2, 9, 10]",5,5,1,0.2,0.04,0.16666666666666666,0.3333333333333333,-0.16
"[0, 2, 2, 10]",4,9,4,0.36,0.16,0.3076923076923077,0.6153846153846154,-0.19999999999999998
"[2, 2, 9]",3,10,5,0.4,0.2,0.3333333333333333,0.6666666666666666,-0.2
"[0, 0, 0, 0, 10]",5,23,16,0.92,0.64,0.41025641025641024,0.8205128205128205,-0.28
"[0, 4, 4, 3, 10]",5,4,9,0.16,0.36,0.6923076923076923,1.3846153846153846,0.19999999999999998
"[9, 2, 9, 2]",4,5,1,0.2,0.04,0.16666666666666666,0.3333333333333333,-0.16
"[9, 0, 9, 9]",4,11,4,0.44,0.16,0.26666666666666666,0.5333333333333333,-0.28
"[4, 4, 0, 3, 0]",5,3,9,0.12,0.36,0.75,1.5,0.24
"[0, 0, 4, 0]",4,15,16,0.6,0.64,0.5161290322580645,1.032258064516129,0.040000000000000036
"[3, 4, 9, 10]",4,7,10,0.28,0.4,0.5882352941176471,1.1764705882352942,0.12
"[0, 4, 4]",3,11,15,0.44,0.6,0.5769230769230769,1.1538461538461537,0.15999999999999998
"[2, 9, 0, 0]",4,9,6,0.36,0.24,0.4,0.8,-0.12
"[2, 0, 2, 2]",4,9,3,0.36,0.12,0.25,0.5,-0.24
"[9, 3, 9, 10]",4,8,5,0.32,0.2,0.38461538461538464,0.7692307692307693,-0.12
"[4, 3, 3, 3, 0]",5,1,7,0.04,0.28,0.875,1.75,0.24000000000000002
"[9, 9, 4, 9]",4,7,3,0.28,0.12,0.3,0.6,-0.16000000000000003
"[3, 4, 0]",3,7,13,0.28,0.52,0.65,1.3,0.24
"[3, 0, 3, 3]",4,4,8,0.16,0.32,0.6666666666666666,1.3333333333333333,0.16
"[9, 3, 0, 0, 0]",5,5,3,0.2,0.12,0.375,0.75,-0.08000000000000002
"[9, 0, 2, 0, 2]",5,8,1,0.32,0.04,0.1111111111111111,0.2222222222222222,-0.28
"[9, 0, 0, 0, 9]",5,22,12,0.88,0.48,0.35294117647058826,0.7058823529411765,-0.4
"[9, 2, 10]",3,9,1,0.36,0.04,0.1,0.2,-0.32
"[3, 9, 0, 4, 0]",5,4,6,0.16,0.24,0.6,1.2,0.07999999999999999
"[3, 0, 4, 4]",4,5,12,0.2,0.48,0.7058823529411765,1.411764705882353,0.27999999999999997
"[0, 3, 0, 3]",4,5,7,0.2,0.28,0.5833333333333334,1.1666666666666667,0.08000000000000002
"[9, 9]",2,23,17,0.92,0.68,0.425,0.85,-0.24
"[0, 2, 2, 0]",4,10,4,0.4,0.16,0.2857142857142857,0.5714285714285714,-0.24000000000000002
"[9, 4, 0, 0, 9]",5,14,8,0.56,0.32,0.36363636363636365,0.7272727272727273,-0.24000000000000005
"[0, 3, 0, 0, 10]",5,7,8,0.28,0.32,0.5333333333333333,1.0666666666666667,0.03999999999999998
"[4, 4, 4, 4, 4]",5,9,15,0.36,0.6,0.625,1.25,0.24
"[0, 3, 4, 4, 9]",5,5,8,0.2,0.32,0.6153846153846154,1.2307692307692308,0.12
"[3, 3, 4, 0, 3]",5,2,5,0.08,0.2,0.7142857142857143,1.4285714285714286,0.12000000000000001
"[2, 0, 9, 2, 2]",5,5,1,0.2,0.04,0.16666666666666666,0.3333333333333333,-0.16
"[0, 0, 0, 0, 0]",5,20,20,0.8,0.8,0.5,1.0,0.0
"[0, 4, 4, 3, 0]",5,4,11,0.16,0.44,0.7333333333333333,1.4666666666666666,0.28
"[3, 3, 4, 4, 9]",5,2,8,0.08,0.32,0.8,1.6,0.24
"[4, 9, 9]",3,10,10,0.4,0.4,0.5,1.0,0.0
"[3, 0, 0, 10]",4,9,10,0.36,0.4,0.5263157894736842,1.0526315789473684,0.040000000000000036
"[3, 4, 9, 0]",4,3,8,0.12,0.32,0.7272727272727273,1.4545454545454546,0.2
"[3, 0, 9, 9, 10]",5,6,5,0.24,0.2,0.45454545454545453,0.9090909090909091,-0.03999999999999998
"[0, 9, 9, 4]",4,6,3,0.24,0.12,0.3333333333333333,0.6666666666666666,-0.12
"[2, 2, 9, 0, 9]",5,8,5,0.32,0.2,0.38461538461538464,0.7692307692307693,-0.12
"[4, 3, 0, 9, 9]",5,3,7,0.12,0.28,0.7,1.4,0.16000000000000003
"[9, 2, 0]",3,10,1,0.4,0.04,0.09090909090909091,0.18181818181818182,-0.36000000000000004
"[4, 3, 9, 0, 4]",5,3,6,0.12,0.24,0.6666666666666666,1.3333333333333333,0.12
"[4, 9, 4, 4, 4]",5,8,8,0.32,0.32,0.5,1.0,0.0
"[0, 0, 3, 4, 4]",5,5,5,0.2,0.2,0.5,1.0,0.0
"[0, 2, 2, 2, 10]",5,8,3,0.32,0.12,0.2727272727272727,0.5454545454545454,-0.2
"[0, 0, 2, 0, 9]",5,9,4,0.36,0.16,0.3076923076923077,0.6153846153846154,-0.19999999999999998
"[3, 4, 4, 4, 4]",5,3,13,0.12,0.52,0.8125,1.625,0.4
"[0, 3, 3, 3]",4,3,8,0.12,0.32,0.7272727272727273,1.4545454545454546,0.2
"[4, 3, 0, 3]",4,1,6,0.04,0.24,0.8571428571428571,1.7142857142857142,0.19999999999999998
"[0, 3, 0, 0, 0]",5,9,12,0.36,0.48,0.5714285714285714,1.1428571428571428,0.12
"[0, 2, 0, 2, 10]",5,9,3,0.36,0.12,0.25,0.5,-0.24
"[0, 2, 0, 2]",4,10,3,0.4,0.12,0.23076923076923078,0.46153846153846156,-0.28
"[0, 3, 4, 4]",4,5,8,0.2,0.32,0.6153846153846154,1.2307692307692308,0.12
"[3, 4, 3]",3,3,8,0.12,0.32,0.7272727272727273,1.4545454545454546,0.2
"[2, 2, 2, 2]",4,9,4,0.36,0.16,0.3076923076923077,0.6153846153846154,-0.19999999999999998
"[3, 0, 0, 0]",4,11,15,0.44,0.6,0.5769230769230769,1.1538461538461537,0.15999999999999998
"[3, 3, 4, 3, 3]",5,0,6,0.0,0.24,1.0,2.0,0.24
"[9, 4, 0, 4, 10]",5,10,7,0.4,0.28,0.4117647058823529,0.8235294117647058,-0.12
"[4, 0, 0, 0, 4]",5,10,14,0.4,0.56,0.5833333333333334,1.1666666666666667,0.16000000000000003
"[2, 2, 0, 2, 2]",5,9,3,0.36,0.12,0.25,0.5,-0.24
"[3, 0, 10]",3,12,14,0.48,0.56,0.5384615384615384,1.0769230769230769,0.08000000000000007
"[0, 0, 9, 0, 10]",5,16,12,0.64,0.48,0.42857142857142855,0.8571428571428571,-0.16000000000000003
"[4, 4, 10]",3,11,13,0.44,0.52,0.5416666666666666,1.0833333333333333,0.08000000000000002
"[3, 4, 0, 3, 9]",5,2,7,0.08,0.28,0.7777777777777778,1.5555555555555556,0.2
"[0, 3, 9, 0, 0]",5,5,6,0.2,0.24,0.5454545454545454,1.0909090909090908,0.03999999999999998
"[0, 2, 9, 2, 10]",5,5,1,0.2,0.04,0.16666666666666666,0.3333333333333333,-0.16
"[9, 0, 0, 2]",4,10,1,0.4,0.04,0.09090909090909091,0.18181818181818182,-0.36000000000000004
"[3, 4, 3, 9]",4,3,8,0.12,0.32,0.7272727272727273,1.4545454545454546,0.2
"[4, 4, 9, 4, 0]",5,8,9,0.32,0.36,0.5294117647058824,1.0588235294117647,0.03999999999999998
"[9, 9, 0, 0, 4]",5,6,3,0.24,0.12,0.3333333333333333,0.6666666666666666,-0.12
"[0, 2, 2, 2, 0]",5,9,3,0.36,0.12,0.25,0.5,-0.24
"[4, 4, 0, 9, 9]",5,9,8,0.36,0.32,0.47058823529411764,0.9411764705882353,-0.03999999999999998
"[3, 3, 9, 0, 0]",5,3,5,0.12,0.2,0.625,1.25,0.08000000000000002
"[3, 4, 0, 3]",4,2,7,0.08,0.28,0.7777777777777778,1.5555555555555556,0.2
"[0, 0, 4, 3, 3]",5,1,7,0.04,0.28,0.875,1.75,0.24000000000000002
"[4, 4, 9, 10]",4,11,13,0.44,0.52,0.5416666666666666,1.0833333333333333,0.08000000000000002
"[0, 2, 0, 2, 0]",5,9,3,0.36,0.12,0.25,0.5,-0.24
"[9, 9, 0, 4, 10]",5,6,2,0.24,0.08,0.25,0.5,-0.15999999999999998
"[9, 2, 2, 0, 10]",5,8,1,0.32,0.04,0.1111111111111111,0.2222222222222222,-0.28
"[2, 9, 2, 2]",4,8,1,0.32,0.04,0.1111111111111111,0.2222222222222222,-0.28
"[3, 4, 4, 9]",4,5,13,0.2,0.52,0.7222222222222222,1.4444444444444444,0.32
"[3, 4, 3, 3, 3]",5,1,6,0.04,0.24,0.8571428571428571,1.7142857142857142,0.19999999999999998
"[3, 0, 4, 3, 3]",5,1,6,0.04,0.24,0.8571428571428571,1.7142857142857142,0.19999999999999998
"[4, 3, 3, 3]",4,1,7,0.04,0.28,0.875,1.75,0.24000000000000002
"[4, 4, 3, 9, 10]",5,4,9,0.16,0.36,0.6923076923076923,1.3846153846153846,0.19999999999999998
"[0, 0, 2, 9]",4,10,4,0.4,0.16,0.2857142857142857,0.5714285714285714,-0.24000000000000002
"[3, 4, 3, 4, 4]",5,2,5,0.08,0.2,0.7142857142857143,1.4285714285714286,0.12000000000000001
"[3, 9, 4, 4]",4,4,9,0.16,0.36,0.6923076923076923,1.3846153846153846,0.19999999999999998
"[9, 3, 4, 9]",4,5,2,0.2,0.08,0.2857142857142857,0.5714285714285714,-0.12000000000000001
"[4, 3, 3, 0, 9]",5,1,9,0.04,0.36,0.9,1.8,0.32
"[0, 2]",2,10,5,0.4,0.2,0.3333333333333333,0.6666666666666666,-0.2
"[0, 3, 0, 0, 3]",5,4,5,0.16,0.2,0.5555555555555556,1.1111111111111112,0.04000000000000001
"[0, 0, 9, 0, 0]",5,17,12,0.68,0.48,0.41379310344827586,0.8275862068965517,-0.20000000000000007
"[4, 4, 0]",3,11,16,0.44,0.64,0.5925925925925926,1.1851851851851851,0.2
"[4, 0, 0, 3, 4]",5,4,6,0.16,0.24,0.6,1.2,0.07999999999999999
"[0, 0, 0, 2, 2]",5,10,3,0.4,0.12,0.23076923076923078,0.46153846153846156,-0.28
"[3, 3, 10]",3,5,10,0.2,0.4,0.6666666666666666,1.3333333333333333,0.2
"[0, 2, 9, 2, 0]",5,6,1,0.24,0.04,0.14285714285714285,0.2857142857142857,-0.19999999999999998
"[2, 0, 9]",3,10,6,0.4,0.24,0.375,0.75,-0.16000000000000003
"[0, 0, 9, 3, 10]",5,5,4,0.2,0.16,0.4444444444444444,0.8888888888888888,-0.04000000000000001
"[2, 0, 2, 9, 10]",5,9,3,0.36,0.12,0.25,0.5,-0.24
"[0, 4, 4, 0, 9]",5,11,15,0.44,0.6,0.5769230769230769,1.1538461538461537,0.15999999999999998
"[3, 0, 0, 9, 9]",5,5,7,0.2,0.28,0.5833333333333334,1.1666666666666667,0.08000000000000002
"[0, 0, 9, 3]",4,6,5,0.24,0.2,0.45454545454545453,0.9090909090909091,-0.03999999999999998
"[0, 9, 2]",3,6,1,0.24,0.04,0.14285714285714285,0.2857142857142857,-0.19999999999999998
"[4, 4, 9, 0]",4,9,9,0.36,0.36,0.5,1.0,0.0
"[9, 0, 9, 0, 0]",5,12,6,0.48,0.24,0.3333333333333333,0.6666666666666666,-0.24
"[9, 2, 2, 0, 0]",5,8,1,0.32,0.04,0.1111111111111111,0.2222222222222222,-0.28
"[4, 3, 9, 9, 10]",5,3,5,0.12,0.2,0.625,1.25,0.08000000000000002
"[9, 0, 0, 2, 2]",5,8,1,0.32,0.04,0.1111111111111111,0.2222222222222222,-0.28
"[4, 4, 3, 9, 0]",5,2,8,0.08,0.32,0.8,1.6,0.24
"[3, 0, 9, 4, 9]",5,5,7,0.2,0.28,0.5833333333333334,1.1666666666666667,0.08000000000000002
"[4, 4, 0, 4, 10]",5,10,11,0.4,0.44,0.5238095238095238,1.0476190476190477,0.03999999999999998
"[0, 9, 4, 4, 9]",5,11,8,0.44,0.32,0.42105263157894735,0.8421052631578947,-0.12
"[3, 3, 0, 0, 9]",5,4,10,0.16,0.4,0.7142857142857143,1.4285714285714286,0.24000000000000002
"[4, 3, 0, 4, 9]",5,4,11,0.16,0.44,0.7333333333333333,1.4666666666666666,0.28
"[4, 3, 9, 9]",4,3,7,0.12,0.28,0.7,1.4,0.16000000000000003
"[2, 9, 9, 9]",4,6,2,0.24,0.08,0.25,0.5,-0.15999999999999998
"[2, 0, 0, 2]",4,10,3,0.4,0.12,0.23076923076923078,0.46153846153846156,-0.28
"[9, 9, 2, 9]",4,5,1,0.2,0.04,0.16666666666666666,0.3333333333333333,-0.16
"[4, 3, 3, 3, 9]",5,1,6,0.04,0.24,0.8571428571428571,1.7142857142857142,0.19999999999999998
"[4, 3, 3, 4, 10]",5,1,5,0.04,0.2,0.8333333333333334,1.6666666666666667,0.16
"[0, 9, 0, 10]",4,17,12,0.68,0.48,0.41379310344827586,0.8275862068965517,-0.20000000000000007
"[4, 0, 4, 0, 10]",5,10,12,0.4,0.48,0.5454545454545454,1.0909090909090908,0.07999999999999996
"[9, 0, 9]",3,23,16,0.92,0.64,0.41025641025641024,0.8205128205128205,-0.28
"[4, 4, 9, 0, 10]",5,9,6,0.36,0.24,0.4,0.8,-0.12
"[0, 4, 0, 4, 4]",5,10,14,0.4,0.56,0.5833333333333334,1.1666666666666667,0.16000000000000003
"[0, 0, 9, 3, 0]",5,6,5,0.24,0.2,0.45454545454545453,0.9090909090909091,-0.03999999999999998
"[2, 0, 2, 9, 0]",5,5,3,0.2,0.12,0.375,0.75,-0.08000000000000002
"[9, 3, 3, 9, 10]",5,2,5,0.08,0.2,0.7142857142857143,1.4285714285714286,0.12000000000000001
"[0, 2, 2, 9]",4,10,4,0.4,0.16,0.2857142857142857,0.5714285714285714,-0.24000000000000002
"[2, 0, 9, 0, 2]",5,6,1,0.24,0.04,0.14285714285714285,0.2857142857142857,-0.19999999999999998
"[0, 9, 9, 9, 10]",5,9,2,0.36,0.08,0.18181818181818182,0.36363636363636365,-0.27999999999999997
"[3, 9, 0, 9, 10]",5,7,7,0.28,0.28,0.5,1.0,0.0
"[2, 2, 9, 2, 2]",5,6,1,0.24,0.04,0.14285714285714285,0.2857142857142857,-0.19999999999999998
"[0, 0, 0, 0, 9]",5,24,19,0.96,0.76,0.4418604651162791,0.8837209302325582,-0.19999999999999996
"[4, 9, 0, 4, 10]",5,9,5,0.36,0.2,0.35714285714285715,0.7142857142857143,-0.15999999999999998
"[9, 9, 4, 0, 10]",5,7,3,0.28,0.12,0.3,0.6,-0.16000000000000003
"[0, 4, 4, 3, 9]",5,4,11,0.16,0.44,0.7333333333333333,1.4666666666666666,0.28
"[3, 4, 0, 4, 10]",5,4,9,0.16,0.36,0.6923076923076923,1.3846153846153846,0.19999999999999998
"[0, 4, 4, 4, 10]",5,10,11,0.4,0.44,0.5238095238095238,1.0476190476190477,0.03999999999999998
"[4, 0, 4, 4]",4,10,15,0.4,0.6,0.6,1.2,0.19999999999999996
"[0, 4, 3, 0, 9]",5,7,11,0.28,0.44,0.6111111111111112,1.2222222222222223,0.15999999999999998
"[4, 4, 0, 4, 0]",5,10,14,0.4,0.56,0.5833333333333334,1.1666666666666667,0.16000000000000003
"[9, 9, 2, 2, 0]",5,5,1,0.2,0.04,0.16666666666666666,0.3333333333333333,-0.16
"[0, 0, 2, 2, 2]",5,7,2,0.28,0.08,0.2222222222222222,0.4444444444444444,-0.2
"[4, 0, 3, 3, 9]",5,1,7,0.04,0.28,0.875,1.75,0.24000000000000002
"[4, 4, 0, 4]",4,10,14,0.4,0.56,0.5833333333333334,1.1666666666666667,0.16000000000000003
"[9, 4, 0, 9, 0]",5,6,3,0.24,0.12,0.3333333333333333,0.6666666666666666,-0.12
"[3, 3, 0, 3, 9]",5,4,5,0.16,0.2,0.5555555555555556,1.1111111111111112,0.04000000000000001
"[0, 4, 9, 4, 4]",5,9,8,0.36,0.32,0.47058823529411764,0.9411764705882353,-0.03999999999999998
"[4, 4, 4, 10]",4,10,13,0.4,0.52,0.5652173913043478,1.1304347826086956,0.12
"[3, 0, 4, 4, 4]",5,4,12,0.16,0.48,0.75,1.5,0.31999999999999995
"[4, 3, 3, 4, 0]",5,1,7,0.04,0.28,0.875,1.75,0.24000000000000002
"[0, 9, 0, 0]",4,18,12,0.72,0.48,0.4,0.8,-0.24
"[4, 0, 4, 0, 0]",5,10,14,0.4,0.56,0.5833333333333334,1.1666666666666667,0.16000000000000003
"[3, 0, 4, 3]",4,3,7,0.12,0.28,0.7,1.4,0.16000000000000003
"[0, 4, 4, 4]",4,10,14,0.4,0.56,0.5833333333333334,1.1666666666666667,0.16000000000000003
"[4, 0, 0, 9, 0]",5,10,11,0.4,0.44,0.5238095238095238,1.0476190476190477,0.03999999999999998
"[4, 4, 3, 0, 3]",5,1,5,0.04,0.2,0.8333333333333334,1.6666666666666667,0.16
"[0, 2, 0, 0, 10]",5,9,5,0.36,0.2,0.35714285714285715,0.7142857142857143,-0.15999999999999998
"[0, 3, 0, 9, 9]",5,5,7,0.2,0.28,0.5833333333333334,1.1666666666666667,0.08000000000000002
"[4, 0, 4, 3, 10]",5,3,9,0.12,0.36,0.75,1.5,0.24
"[9, 3, 9]",3,8,6,0.32,0.24,0.42857142857142855,0.8571428571428571,-0.08000000000000002
"[0, 0, 3, 3, 4]",5,3,5,0.12,0.2,0.625,1.25,0.08000000000000002
"[0, 9, 3, 0, 9]",5,5,5,0.2,0.2,0.5,1.0,0.0
"[4, 9, 0, 4, 0]",5,9,7,0.36,0.28,0.4375,0.875,-0.07999999999999996
"[0, 0, 0, 3, 4]",5,7,5,0.28,0.2,0.4166666666666667,0.8333333333333334,-0.08000000000000002
"[9, 9, 4, 0, 0]",5,7,4,0.28,0.16,0.36363636363636365,0.7272727272727273,-0.12000000000000002
"[3, 4, 0, 4, 0]",5,4,12,0.16,0.48,0.75,1.5,0.31999999999999995
"[3, 0, 0, 9]",4,9,13,0.36,0.52,0.5909090909090909,1.1818181818181819,0.16000000000000003
"[0, 4, 4, 4, 0]",5,10,14,0.4,0.56,0.5833333333333334,1.1666666666666667,0.16000000000000003
"[0, 4, 3, 3, 4]",5,1,5,0.04,0.2,0.8333333333333334,1.6666666666666667,0.16
"[4, 3, 4, 0, 9]",5,5,11,0.2,0.44,0.6875,1.375,0.24
"[3, 3, 3, 9, 10]",5,4,6,0.16,0.24,0.6,1.2,0.07999999999999999
"[4, 4, 4, 0]",4,10,16,0.4,0.64,0.6153846153846154,1.2307692307692308,0.24
"[0, 2, 9, 0, 9]",5,6,5,0.24,0.2,0.45454545454545453,0.9090909090909091,-0.03999999999999998
"[9, 0, 0, 4, 4]",5,11,9,0.44,0.36,0.45,0.9,-0.08000000000000002
"[0, 2, 0, 0, 0]",5,10,5,0.4,0.2,0.3333333333333333,0.6666666666666666,-0.2
"[4, 3, 9, 4, 9]",5,3,7,0.12,0.28,0.7,1.4,0.16000000000000003
"[4, 0, 4, 3, 0]",5,3,11,0.12,0.44,0.7857142857142857,1.5714285714285714,0.32
"[9, 9, 0, 2, 10]",5,5,1,0.2,0.04,0.16666666666666666,0.3333333333333333,-0.16
"[2, 9, 0, 2]",4,9,1,0.36,0.04,0.1,0.2,-0.32
"[4, 4]",2,11,16,0.44,0.64,0.5925925925925926,1.1851851851851851,0.2
"[4, 9, 4, 9, 10]",5,9,7,0.36,0.28,0.4375,0.875,-0.07999999999999996
"[4, 4, 3, 3, 3]",5,1,6,0.04,0.24,0.8571428571428571,1.7142857142857142,0.19999999999999998
"[0, 3, 4, 3]",4,3,5,0.12,0.2,0.625,1.25,0.08000000000000002
"[0, 0, 0, 9]",4,24,20,0.96,0.8,0.45454545454545453,0.9090909090909091,-0.15999999999999992
"[0, 0, 3, 9, 10]",5,11,10,0.44,0.4,0.47619047619047616,0.9523809523809523,-0.03999999999999998
"[9, 4, 0, 4, 9]",5,10,8,0.4,0.32,0.4444444444444444,0.8888888888888888,-0.08000000000000002
"[3, 0, 3, 0, 10]",5,5,5,0.2,0.2,0.5,1.0,0.0
"[4, 3, 4, 3, 4]",5,1,5,0.04,0.2,0.8333333333333334,1.6666666666666667,0.16
"[3, 0, 9]",3,12,17,0.48,0.68,0.5862068965517241,1.1724137931034482,0.20000000000000007
"[0, 0, 9, 9, 9]",5,9,2,0.36,0.08,0.18181818181818182,0.36363636363636365,-0.27999999999999997
"[4, 0, 3, 9, 4]",5,2,7,0.08,0.28,0.7777777777777778,1.5555555555555556,0.2
"[9, 4, 9, 0, 9]",5,5,2,0.2,0.08,0.2857142857142857,0.5714285714285714,-0.12000000000000001
"[0, 9, 2, 0, 10]",5,5,1,0.2,0.04,0.16666666666666666,0.3333333333333333,-0.16
"[2, 2, 2, 9, 10]",5,8,4,0.32,0.16,0.3333333333333333,0.6666666666666666,-0.16
"[2, 9, 2, 2, 10]",5,7,1,0.28,0.04,0.125,0.25,-0.24000000000000002
"[9, 9, 0, 4, 9]",5,6,2,0.24,0.08,0.25,0.5,-0.15999999999999998
"[9, 2, 2, 0, 9]",5,8,1,0.32,0.04,0.1111111111111111,0.2222222222222222,-0.28
"[4, 9, 4, 0, 0]",5,9,8,0.36,0.32,0.47058823529411764,0.9411764705882353,-0.03999999999999998
"[3, 0, 0, 3, 10]",5,5,5,0.2,0.2,0.5,1.0,0.0
"[0, 0, 3, 9, 0]",5,5,4,0.2,0.16,0.4444444444444444,0.8888888888888888,-0.04000000000000001
"[0, 0, 3, 4]",4,7,6,0.28,0.24,0.46153846153846156,0.9230769230769231,-0.040000000000000036
"[4, 4, 3, 9, 9]",5,2,7,0.08,0.28,0.7777777777777778,1.5555555555555556,0.2
"[9, 2, 2]",3,9,1,0.36,0.04,0.1,0.2,-0.32
"[3, 4, 4, 0, 0]",5,5,12,0.2,0.48,0.7058823529411765,1.411764705882353,0.27999999999999997
"[3, 4, 3, 4, 3]",5,1,5,0.04,0.2,0.8333333333333334,1.6666666666666667,0.16
"[3, 0, 3, 0, 0]",5,5,7,0.2,0.28,0.5833333333333334,1.1666666666666667,0.08000000000000002
"[0, 0, 4, 0, 4]",5,10,14,0.4,0.56,0.5833333333333334,1.1666666666666667,0.16000000000000003
"[0, 3, 0, 4, 9]",5,6,9,0.24,0.36,0.6,1.2,0.12
"[3, 9, 9, 10]",4,7,8,0.28,0.32,0.5333333333333333,1.0666666666666667,0.03999999999999998
"[3, 3, 9]",3,5,13,0.2,0.52,0.7222222222222222,1.4444444444444444,0.32
"[0, 3, 3, 0, 4]",5,3,5,0.12,0.2,0.625,1.25,0.08000000000000002
"[4, 0, 0, 4, 4]",5,10,15,0.4,0.6,0.6,1.2,0.19999999999999996
"[0, 9, 2, 0, 0]",5,6,1,0.24,0.04,0.14285714285714285,0.2857142857142857,-0.19999999999999998
"[9, 0, 4, 0, 4]",5,10,9,0.4,0.36,0.47368421052631576,0.9473684210526315,-0.040000000000000036
"[2, 2, 2, 9, 0]",5,7,4,0.28,0.16,0.36363636363636365,0.7272727272727273,-0.12000000000000002
"[3, 3, 3, 0, 4]",5,3,5,0.12,0.2,0.625,1.25,0.08000000000000002
"[4, 0, 3, 4, 0]",5,4,9,0.16,0.36,0.6923076923076923,1.3846153846153846,0.19999999999999998
"[2, 0, 9, 9, 10]",5,5,6,0.2,0.24,0.5454545454545454,1.0909090909090908,0.03999999999999998
"[3, 3, 0, 4]",4,3,9,0.12,0.36,0.75,1.5,0.24
"[3, 3, 3, 9]",4,4,8,0.16,0.32,0.6666666666666666,1.3333333333333333,0.16
"[9, 0, 4, 4, 10]",5,11,7,0.44,0.28,0.3888888888888889,0.7777777777777778,-0.15999999999999998
"[9, 4, 4, 0, 4]",5,10,9,0.4,0.36,0.47368421052631576,0.9473684210526315,-0.040000000000000036
"[9, 9, 2, 0, 0]",5,5,1,0.2,0.04,0.16666666666666666,0.3333333333333333,-0.16
"[9, 0, 0, 4]",4,14,9,0.56,0.36,0.391304347826087,0.782608695652174,-0.20000000000000007
"[4, 0, 3, 4]",4,4,9,0.16,0.36,0.6923076923076923,1.3846153846153846,0.19999999999999998
"[0, 2, 2, 2, 2]",5,8,3,0.32,0.12,0.2727272727272727,0.5454545454545454,-0.2
"[3, 4, 4, 3, 0]",5,1,8,0.04,0.32,0.8888888888888888,1.7777777777777777,0.28
"[9, 0, 4, 10]",4,14,7,0.56,0.28,0.3333333333333333,0.6666666666666666,-0.28
"[4, 3, 0, 0, 10]",5,5,8,0.2,0.32,0.6153846153846154,1.2307692307692308,0.12
"[0, 2, 0, 2, 2]",5,9,2,0.36,0.08,0.18181818181818182,0.36363636363636365,-0.27999999999999997
"[0, 9, 3, 9, 10]",5,5,4,0.2,0.16,0.4444444444444444,0.8888888888888888,-0.04000000000000001
"[3, 0, 3, 3, 0]",5,4,8,0.16,0.32,0.6666666666666666,1.3333333333333333,0.16
"[0, 3, 0, 3, 3]",5,2,6,0.08,0.24,0.75,1.5,0.15999999999999998
"[4, 3, 3, 4, 9]",5,1,7,0.04,0.28,0.875,1.75,0.24000000000000002
"[0, 9, 0, 9]",4,18,14,0.72,0.56,0.4375,0.875,-0.15999999999999992
"[9, 4, 0, 10]",4,14,9,0.56,0.36,0.391304347826087,0.782608695652174,-0.20000000000000007
"[0, 0, 3, 0, 3]",5,5,5,0.2,0.2,0.5,1.0,0.0
"[4, 4, 9, 0, 9]",5,9,8,0.36,0.32,0.47058823529411764,0.9411764705882353,-0.03999999999999998
"[9, 0, 4, 3, 0]",5,5,4,0.2,0.16,0.4444444444444444,0.8888888888888888,-0.04000000000000001
"[0, 2, 10]",3,9,5,0.36,0.2,0.35714285714285715,0.7142857142857143,-0.15999999999999998
"[3, 4, 4, 0, 3]",5,1,7,0.04,0.28,0.875,1.75,0.24000000000000002
"[3, 9, 4, 0, 9]",5,5,8,0.2,0.32,0.6153846153846154,1.2307692307692308,0.12
"[9, 2, 0, 10]",4,9,1,0.36,0.04,0.1,0.2,-0.32
"[4, 3, 4, 9, 4]",5,2,8,0.08,0.32,0.8,1.6,0.24
"[0, 3, 3, 4, 0]",5,3,5,0.12,0.2,0.625,1.25,0.08000000000000002
"[0, 0, 3, 4, 9]",5,7,6,0.28,0.24,0.46153846153846156,0.9230769230769231,-0.040000000000000036
"[9, 0, 4, 4, 0]",5,11,9,0.44,0.36,0.45,0.9,-0.08000000000000002
"[0, 4, 0, 9, 10]",5,14,13,0.56,0.52,0.48148148148148145,0.9629629629629629,-0.040000000000000036
"[3, 3, 3, 3, 4]",5,2,5,0.08,0.2,0.7142857142857143,1.4285714285714286,0.12000000000000001
"[2, 2, 9, 10]",4,9,5,0.36,0.2,0.35714285714285715,0.7142857142857143,-0.15999999999999998
"[0, 0, 9, 0, 2]",5,5,1,0.2,0.04,0.16666666666666666,0.3333333333333333,-0.16
"[3, 4, 9, 4, 4]",5,3,7,0.12,0.28,0.7,1.4,0.16000000000000003
"[0, 4, 4, 4, 9]",5,10,14,0.4,0.56,0.5833333333333334,1.1666666666666667,0.16000000000000003
"[0, 2, 9, 2, 2]",5,5,1,0.2,0.04,0.16666666666666666,0.3333333333333333,-0.16
"[4, 0, 4]",3,10,15,0.4,0.6,0.6,1.2,0.19999999999999996
"[3, 3, 0, 4, 4]",5,2,8,0.08,0.32,0.8,1.6,0.24
"[2, 2, 0, 0, 10]",5,9,5,0.36,0.2,0.35714285714285715,0.7142857142857143,-0.15999999999999998
"[0, 9, 4]",3,14,10,0.56,0.4,0.4166666666666667,0.8333333333333334,-0.16000000000000003
"[0, 9, 4, 0, 0]",5,14,8,0.56,0.32,0.36363636363636365,0.7272727272727273,-0.24000000000000005
"[4, 3, 0, 0, 0]",5,5,12,0.2,0.48,0.7058823529411765,1.411764705882353,0.27999999999999997
"[4, 0, 3, 4, 3]",5,1,5,0.04,0.2,0.8333333333333334,1.6666666666666667,0.16
"[4, 0, 9, 10]",4,14,14,0.56,0.56,0.5,1.0,0.0
"[2, 0, 2, 2, 9]",5,8,3,0.32,0.12,0.2727272727272727,0.5454545454545454,-0.2
"[3, 4, 9, 0, 10]",5,3,5,0.12,0.2,0.625,1.25,0.08000000000000002
"[0, 9, 3, 4]",4,5,1,0.2,0.04,0.16666666666666666,0.3333333333333333,-0.16
"[4, 9, 0, 4]",4,9,8,0.36,0.32,0.47058823529411764,0.9411764705882353,-0.03999999999999998
"[9, 4, 0, 0]",4,15,9,0.6,0.36,0.375,0.75,-0.24
"[0, 0, 4, 9, 10]",5,14,13,0.56,0.52,0.48148148148148145,0.9629629629629629,-0.040000000000000036
"[0, 2, 0]",3,10,5,0.4,0.2,0.3333333333333333,0.6666666666666666,-0.2
"[4, 0, 4, 9, 4]",5,8,9,0.32,0.36,0.5294117647058824,1.0588235294117647,0.03999999999999998
"[0, 4, 9, 9, 10]",5,10,7,0.4,0.28,0.4117647058823529,0.8235294117647058,-0.12
"[9, 2, 0, 0]",4,10,1,0.4,0.04,0.09090909090909091,0.18181818181818182,-0.36000000000000004
"[4, 0, 3, 0, 10]",5,5,9,0.2,0.36,0.6428571428571429,1.2857142857142858,0.15999999999999998
"[3, 0, 4, 9, 10]",5,6,9,0.24,0.36,0.6,1.2,0.12
"[0, 0, 3, 3, 3]",5,3,8,0.12,0.32,0.7272727272727273,1.4545454545454546,0.2
"[3, 4, 4, 3, 3]",5,1,7,0.04,0.28,0.875,1.75,0.24000000000000002
"[0, 4, 9, 10]",4,14,13,0.56,0.52,0.48148148148148145,0.9629629629629629,-0.040000000000000036
"[4, 0, 4, 4, 10]",5,10,12,0.4,0.48,0.5454545454545454,1.0909090909090908,0.07999999999999996
"[9, 4, 9]",3,15,11,0.6,0.44,0.4230769230769231,0.8461538461538461,-0.15999999999999998
"[4, 4, 4, 9, 4]",5,8,9,0.32,0.36,0.5294117647058824,1.0588235294117647,0.03999999999999998
"[0, 4, 0, 9, 0]",5,11,10,0.44,0.4,0.47619047619047616,0.9523809523809523,-0.03999999999999998
"[3, 4]",2,7,13,0.28,0.52,0.65,1.3,0.24
"[3, 0, 3, 3, 3]",5,3,6,0.12,0.24,0.6666666666666666,1.3333333333333333,0.12
"[0, 0, 0, 4, 4]",5,11,14,0.44,0.56,0.56,1.12,0.12000000000000005
"[2, 2, 0, 0]",4,10,5,0.4,0.2,0.3333333333333333,0.6666666666666666,-0.2
"[2, 9, 0, 2, 9]",5,9,1,0.36,0.04,0.1,0.2,-0.32
"[0, 4, 3, 3, 3]",5,1,6,0.04,0.24,0.8571428571428571,1.7142857142857142,0.19999999999999998
"[3, 3, 9, 10]",4,5,10,0.2,0.4,0.6666666666666666,1.3333333333333333,0.2
"[0, 4, 3, 4, 4]",5,4,8,0.16,0.32,0.6666666666666666,1.3333333333333333,0.16
"[0, 9, 0, 2, 9]",5,6,1,0.24,0.04,0.14285714285714285,0.2857142857142857,-0.19999999999999998
"[2, 2, 10]",3,9,5,0.36,0.2,0.35714285714285715,0.7142857142857143,-0.15999999999999998
"[2, 2, 0, 0, 0]",5,10,5,0.4,0.2,0.3333333333333333,0.6666666666666666,-0.2
"[4, 0, 9, 0]",4,11,11,0.44,0.44,0.5,1.0,0.0
"[4, 3, 4]",3,5,11,0.2,0.44,0.6875,1.375,0.24
"[4, 3, 0, 3, 0]",5,1,6,0.04,0.24,0.8571428571428571,1.7142857142857142,0.19999999999999998
"[0, 0, 4, 9, 0]",5,11,10,0.44,0.4,0.47619047619047616,0.9523809523809523,-0.03999999999999998
"[2, 9, 2, 0, 10]",5,8,1,0.32,0.04,0.1111111111111111,0.2222222222222222,-0.28
"[3, 0, 0, 0, 9]",5,9,13,0.36,0.52,0.5909090909090909,1.1818181818181819,0.16000000000000003
"[9, 9, 2, 2, 2]",5,5,1,0.2,0.04,0.16666666666666666,0.3333333333333333,-0.16
"[9, 9, 0, 2, 9]",5,5,1,0.2,0.04,0.16666666666666666,0.3333333333333333,-0.16
"[3, 0, 4, 9, 0]",5,3,8,0.12,0.32,0.7272727272727273,1.4545454545454546,0.2
"[9, 4, 3, 0]",4,5,4,0.2,0.16,0.4444444444444444,0.8888888888888888,-0.04000000000000001
"[0, 4, 9, 0]",4,11,10,0.44,0.4,0.47619047619047616,0.9523809523809523,-0.03999999999999998
"[4, 0, 4, 4, 0]",5,10,15,0.4,0.6,0.6,1.2,0.19999999999999996
"[9, 9, 4, 10]",4,7,3,0.28,0.12,0.3,0.6,-0.16000000000000003
"[3, 4, 4, 9, 9]",5,2,7,0.08,0.28,0.7777777777777778,1.5555555555555556,0.2
"[9, 0, 0, 0, 10]",5,22,11,0.88,0.44,0.3333333333333333,0.6666666666666666,-0.44
"[0, 9, 0, 2]",4,6,1,0.24,0.04,0.14285714285714285,0.2857142857142857,-0.19999999999999998
"[0, 3, 4, 9, 4]",5,3,6,0.12,0.24,0.6666666666666666,1.3333333333333333,0.12
"[9, 10]",2,23,20,0.92,0.8,0.46511627906976744,0.9302325581395349,-0.12
"[3, 3, 9, 0]",4,3,7,0.12,0.28,0.7,1.4,0.16000000000000003
"[0, 9, 3, 4, 9]",5,5,1,0.2,0.04,0.16666666666666666,0.3333333333333333,-0.16
"[0, 3, 9, 9]",4,5,7,0.2,0.28,0.5833333333333334,1.1666666666666667,0.08000000000000002
"[4, 3, 4, 3, 3]",5,0,6,0.0,0.24,1.0,2.0,0.24
"[2, 2, 0]",3,10,5,0.4,0.2,0.3333333333333333,0.6666666666666666,-0.2
"[9, 4, 0, 0, 10]",5,14,7,0.56,0.28,0.3333333333333333,0.6666666666666666,-0.28
"[3, 3, 4, 0, 4]",5,2,8,0.08,0.32,0.8,1.6,0.24
"[4, 3, 4, 4, 4]",5,3,11,0.12,0.44,0.7857142857142857,1.5714285714285714,0.32
"[0, 4, 0, 3, 9]",5,5,8,0.2,0.32,0.6153846153846154,1.2307692307692308,0.12
"[9, 0, 9, 0]",4,12,6,0.48,0.24,0.3333333333333333,0.6666666666666666,-0.24
"[2, 9, 9, 0, 10]",5,6,2,0.24,0.08,0.25,0.5,-0.15999999999999998
"[3, 3, 4, 4, 10]",5,2,5,0.08,0.2,0.7142857142857143,1.4285714285714286,0.12000000000000001
"[4, 9, 10]",3,14,14,0.56,0.56,0.5,1.0,0.0
"[0, 4, 0, 0, 3]",5,6,7,0.24,0.28,0.5384615384615384,1.0769230769230769,0.040000000000000036
"[0, 9, 9, 0, 10]",5,9,2,0.36,0.08,0.18181818181818182,0.36363636363636365,-0.27999999999999997
"[2, 9, 2, 2, 9]",5,7,1,0.28,0.04,0.125,0.25,-0.24000000000000002
"[4, 9, 0, 0, 9]",5,10,8,0.4,0.32,0.4444444444444444,0.8888888888888888,-0.08000000000000002
"[3, 3, 9, 4, 4]",5,2,6,0.08,0.24,0.75,1.5,0.15999999999999998
"[9, 9, 4, 0]",4,7,4,0.28,0.16,0.36363636363636365,0.7272727272727273,-0.12000000000000002
"[3, 0, 0, 3, 9]",5,5,6,0.2,0.24,0.5454545454545454,1.0909090909090908,0.03999999999999998
"[3, 4, 0, 0, 9]",5,6,12,0.24,0.48,0.6666666666666666,1.3333333333333333,0.24
"[4, 9, 9, 10]",4,10,8,0.4,0.32,0.4444444444444444,0.8888888888888888,-0.08000000000000002
"[4, 0, 9, 0, 9]",5,10,10,0.4,0.4,0.5,1.0,0.0
"[0, 0, 3, 3]",4,5,11,0.2,0.44,0.6875,1.375,0.24
"[9, 0, 0, 0, 0]",5,21,12,0.84,0.48,0.36363636363636365,0.7272727272727273,-0.36
"[4, 0, 0, 3]",4,6,10,0.24,0.4,0.625,1.25,0.16000000000000003
"[9, 2, 9, 0, 9]",5,6,1,0.24,0.04,0.14285714285714285,0.2857142857142857,-0.19999999999999998
"[0, 9, 2, 2]",4,5,1,0.2,0.04,0.16666666666666666,0.3333333333333333,-0.16
"[4, 3, 0, 9, 10]",5,7,10,0.28,0.4,0.5882352941176471,1.1764705882352942,0.12
"[3, 0, 0, 4, 10]",5,6,9,0.24,0.36,0.6,1.2,0.12
"[4, 4, 0, 3, 4]",5,3,8,0.12,0.32,0.7272727272727273,1.4545454545454546,0.2
"[0, 0, 4, 4]",4,11,15,0.44,0.6,0.5769230769230769,1.1538461538461537,0.15999999999999998
"[9, 0]",2,23,17,0.92,0.68,0.425,0.85,-0.24
"[3, 9, 4, 9, 10]",5,5,7,0.2,0.28,0.5833333333333334,1.1666666666666667,0.08000000000000002
"[0, 0, 2, 0, 10]",5,8,4,0.32,0.16,0.3333333333333333,0.6666666666666666,-0.16
"[9, 0, 2, 10]",4,9,1,0.36,0.04,0.1,0.2,-0.32
"[3, 4, 3, 0, 4]",5,2,6,0.08,0.24,0.75,1.5,0.15999999999999998
"[0, 2, 0, 0, 2]",5,10,2,0.4,0.08,0.16666666666666666,0.3333333333333333,-0.32
"[9, 2, 2, 2, 9]",5,8,1,0.32,0.04,0.1111111111111111,0.2222222222222222,-0.28
"[2, 0, 9, 9]",4,6,6,0.24,0.24,0.5,1.0,0.0
"[9, 4, 0, 0, 0]",5,13,8,0.52,0.32,0.38095238095238093,0.7619047619047619,-0.2
"[4, 3, 0, 4]",4,4,11,0.16,0.44,0.7333333333333333,1.4666666666666666,0.28
"[0, 3, 4, 4, 0]",5,5,8,0.2,0.32,0.6153846153846154,1.2307692307692308,0.12
"[0, 4, 3, 9]",4,7,11,0.28,0.44,0.6111111111111112,1.2222222222222223,0.15999999999999998
"[4, 4, 0, 9]",4,11,16,0.44,0.64,0.5925925925925926,1.1851851851851851,0.2
"[0, 0, 4, 4, 9]",5,11,15,0.44,0.6,0.5769230769230769,1.1538461538461537,0.15999999999999998
"[3, 0, 4, 0, 3]",5,2,6,0.08,0.24,0.75,1.5,0.15999999999999998
"[3, 4, 4]",3,5,13,0.2,0.52,0.7222222222222222,1.4444444444444444,0.32
"[4, 3, 4, 10]",4,5,8,0.2,0.32,0.6153846153846154,1.2307692307692308,0.12
"[0, 0, 10]",3,23,17,0.92,0.68,0.425,0.85,-0.24
"[2, 9, 9, 0, 0]",5,7,2,0.28,0.08,0.2222222222222222,0.4444444444444444,-0.2
"[3, 3, 4, 4, 0]",5,2,8,0.08,0.32,0.8,1.6,0.24
"[4, 9, 0]",3,11,11,0.44,0.44,0.5,1.0,0.0
"[9, 0, 3, 0, 10]",5,7,4,0.28,0.16,0.36363636363636365,0.7272727272727273,-0.12000000000000002
"[3, 0, 4, 4, 9]",5,5,12,0.2,0.48,0.7058823529411765,1.411764705882353,0.27999999999999997
"[3, 9, 0, 4, 4]",5,3,7,0.12,0.28,0.7,1.4,0.16000000000000003
"[3, 3, 0, 3]",4,4,7,0.16,0.28,0.6363636363636364,1.2727272727272727,0.12000000000000002
"[9, 0, 4, 4, 9]",5,11,9,0.44,0.36,0.45,0.9,-0.08000000000000002
"[0, 9, 0, 9, 10]",5,17,12,0.68,0.48,0.41379310344827586,0.8275862068965517,-0.20000000000000007
"[2, 2, 9, 0, 0]",5,8,5,0.32,0.2,0.38461538461538464,0.7692307692307693,-0.12
"[3, 3, 3, 4, 9]",5,3,5,0.12,0.2,0.625,1.25,0.08000000000000002
"[3, 3, 4, 9]",4,3,9,0.12,0.36,0.75,1.5,0.24
"[9, 2, 0, 9, 10]",5,9,1,0.36,0.04,0.1,0.2,-0.32
"[4, 3, 0, 9, 0]",5,3,8,0.12,0.32,0.7272727272727273,1.4545454545454546,0.2
"[3, 4, 0, 3, 10]",5,2,5,0.08,0.2,0.7142857142857143,1.4285714285714286,0.12000000000000001
"[3, 4, 9, 4]",4,3,8,0.12,0.32,0.7272727272727273,1.4545454545454546,0.2
"[4, 0, 3, 3]",4,1,8,0.04,0.32,0.8888888888888888,1.7777777777777777,0.28
"[0, 0, 2, 0, 0]",5,8,4,0.32,0.16,0.3333333333333333,0.6666666666666666,-0.16
"[4, 4, 0, 9, 10]",5,11,13,0.44,0.52,0.5416666666666666,1.0833333333333333,0.08000000000000002
"[2, 0, 2, 0, 9]",5,10,3,0.4,0.12,0.23076923076923078,0.46153846153846156,-0.28
"[9, 0, 4, 9]",4,15,9,0.6,0.36,0.375,0.75,-0.24
"[4, 3, 0, 0, 9]",5,5,11,0.2,0.44,0.6875,1.375,0.24
"[2, 2, 2, 2, 9]",5,9,4,0.36,0.16,0.3076923076923077,0.6153846153846154,-0.19999999999999998
"[3, 4, 4, 10]",4,5,10,0.2,0.4,0.6666666666666666,1.3333333333333333,0.2
"[9, 0, 0, 3, 9]",5,6,4,0.24,0.16,0.4,0.8,-0.07999999999999999
"[9, 0, 9, 9, 10]",5,11,4,0.44,0.16,0.26666666666666666,0.5333333333333333,-0.28
"[3, 0, 4, 3, 4]",5,2,5,0.08,0.2,0.7142857142857143,1.4285714285714286,0.12000000000000001
"[4, 3, 3, 4]",4,1,7,0.04,0.28,0.875,1.75,0.24000000000000002
"[9, 4, 0, 9]",4,15,10,0.6,0.4,0.4,0.8,-0.19999999999999996
"[0, 2, 9]",3,10,5,0.4,0.2,0.3333333333333333,0.6666666666666666,-0.2
"[4, 4, 3, 9]",4,4,12,0.16,0.48,0.75,1.5,0.31999999999999995
"[9, 3, 4, 10]",4,5,1,0.2,0.04,0.16666666666666666,0.3333333333333333,-0.16
"[9, 2, 0, 9]",4,10,1,0.4,0.04,0.09090909090909091,0.18181818181818182,-0.36000000000000004
"[0, 3, 10]",3,11,11,0.44,0.44,0.5,1.0,0.0
"[0, 3]",2,13,15,0.52,0.6,0.5357142857142857,1.0714285714285714,0.07999999999999996
"[0, 3, 0, 0, 4]",5,6,8,0.24,0.32,0.5714285714285714,1.1428571428571428,0.08000000000000002
"[4, 9]",2,15,17,0.6,0.68,0.53125,1.0625,0.08000000000000007
"[0, 4, 0, 9, 9]",5,10,9,0.4,0.36,0.47368421052631576,0.9473684210526315,-0.040000000000000036
"[2, 2, 9, 9]",4,8,5,0.32,0.2,0.38461538461538464,0.7692307692307693,-0.12
"[2, 9, 0, 0, 9]",5,9,6,0.36,0.24,0.4,0.8,-0.12
"[3, 4, 0, 3, 0]",5,2,7,0.08,0.28,0.7777777777777778,1.5555555555555556,0.2
"[0, 9, 2, 0, 2]",5,5,1,0.2,0.04,0.16666666666666666,0.3333333333333333,-0.16
"[4, 0, 3]",3,6,12,0.24,0.48,0.6666666666666666,1.3333333333333333,0.24
"[0, 9, 0, 0, 9]",5,18,11,0.72,0.44,0.3793103448275862,0.7586206896551724,-0.27999999999999997
"[2, 0, 10]",3,9,6,0.36,0.24,0.4,0.8,-0.12
"[2, 2, 2, 9, 2]",5,6,1,0.24,0.04,0.14285714285714285,0.2857142857142857,-0.19999999999999998
"[4, 4, 0, 9, 0]",5,9,9,0.36,0.36,0.5,1.0,0.0
"[2, 2, 0, 9, 9]",5,5,5,0.2,0.2,0.5,1.0,0.0
"[0, 3, 4, 0, 10]",5,7,7,0.28,0.28,0.5,1.0,0.0
"[4, 4, 4, 3, 10]",5,4,9,0.16,0.36,0.6923076923076923,1.3846153846153846,0.19999999999999998
"[4, 0, 9, 9]",4,10,10,0.4,0.4,0.5,1.0,0.0
"[3, 4, 4, 0]",4,5,13,0.2,0.52,0.7222222222222222,1.4444444444444444,0.32
"[3, 4, 9, 0, 9]",5,3,7,0.12,0.28,0.7,1.4,0.16000000000000003
"[0, 0, 2, 0]",4,9,4,0.36,0.16,0.3076923076923077,0.6153846153846154,-0.19999999999999998
"[3, 0, 9, 4, 10]",5,5,5,0.2,0.2,0.5,1.0,0.0
"[3, 3, 0, 9, 10]",5,5,10,0.2,0.4,0.6666666666666666,1.3333333333333333,0.2
"[0, 3, 9, 0, 4]",5,4,5,0.16,0.2,0.5555555555555556,1.1111111111111112,0.04000000000000001
"[9, 9, 2, 0, 2]",5,5,1,0.2,0.04,0.16666666666666666,0.3333333333333333,-0.16
"[4, 3, 3, 0, 0]",5,1,8,0.04,0.32,0.8888888888888888,1.7777777777777777,0.28
"[0, 9, 4, 4]",4,11,9,0.44,0.36,0.45,0.9,-0.08000000000000002
"[9, 3, 4, 0]",4,5,2,0.2,0.08,0.2857142857142857,0.5714285714285714,-0.12000000000000001
"[4, 3, 0, 4, 10]",5,4,8,0.16,0.32,0.6666666666666666,1.3333333333333333,0.16
"[4, 0, 3, 0, 9]",5,5,11,0.2,0.44,0.6875,1.375,0.24
"[0, 3, 0]",3,13,15,0.52,0.6,0.5357142857142857,1.0714285714285714,0.07999999999999996
"[4, 9, 4, 9]",4,9,9,0.36,0.36,0.5,1.0,0.0
"[9, 3, 4, 0, 10]",5,5,1,0.2,0.04,0.16666666666666666,0.3333333333333333,-0.16
"[4, 4, 9, 4, 4]",5,8,8,0.32,0.32,0.5,1.0,0.0
"[0, 3, 9, 4, 10]",5,5,5,0.2,0.2,0.5,1.0,0.0
"[9, 9, 2, 10]",4,5,1,0.2,0.04,0.16666666666666666,0.3333333333333333,-0.16
"[0, 4, 9, 9]",4,10,9,0.4,0.36,0.47368421052631576,0.9473684210526315,-0.040000000000000036
"[9, 3, 0, 9, 10]",5,8,5,0.32,0.2,0.38461538461538464,0.7692307692307693,-0.12
"[3, 3]",2,6,15,0.24,0.6,0.7142857142857143,1.4285714285714286,0.36
"[3, 9, 4, 4, 9]",5,4,8,0.16,0.32,0.6666666666666666,1.3333333333333333,0.16
"[9, 0, 2, 2, 9]",5,8,1,0.32,0.04,0.1111111111111111,0.2222222222222222,-0.28
"[9, 0, 10]",3,22,14,0.88,0.56,0.3888888888888889,0.7777777777777778,-0.31999999999999995
"[2, 0, 0]",3,10,6,0.4,0.24,0.375,0.75,-0.16000000000000003
"[0, 4, 4, 0, 0]",5,11,14,0.44,0.56,0.56,1.12,0.12000000000000005
"[3, 0, 0, 9, 0]",5,5,8,0.2,0.32,0.6153846153846154,1.2307692307692308,0.12
"[0, 4, 3, 4, 3]",5,1,5,0.04,0.2,0.8333333333333334,1.6666666666666667,0.16
"[4, 3, 3]",3,1,10,0.04,0.4,0.9090909090909091,1.8181818181818181,0.36000000000000004
"[0, 0, 0, 9, 9]",5,16,12,0.64,0.48,0.42857142857142855,0.8571428571428571,-0.16000000000000003
"[4, 0, 9, 9, 10]",5,10,8,0.4,0.32,0.4444444444444444,0.8888888888888888,-0.08000000000000002
"[0, 0, 9, 0, 4]",5,14,8,0.56,0.32,0.36363636363636365,0.7272727272727273,-0.24000000000000005
"[4, 4, 4]",3,10,16,0.4,0.64,0.6153846153846154,1.2307692307692308,0.24
"[9, 2, 9, 9, 10]",5,6,1,0.24,0.04,0.14285714285714285,0.2857142857142857,-0.19999999999999998
"[3, 0, 9, 4, 0]",5,5,8,0.2,0.32,0.6153846153846154,1.2307692307692308,0.12
"[0, 4, 3, 0, 10]",5,7,9,0.28,0.36,0.5625,1.125,0.07999999999999996
"[0, 3, 3, 0, 9]",5,4,9,0.16,0.36,0.6923076923076923,1.3846153846153846,0.19999999999999998
"[2, 9, 2, 0, 9]",5,9,1,0.36,0.04,0.1,0.2,-0.32
"[0, 9, 4, 4, 0]",5,11,9,0.44,0.36,0.45,0.9,-0.08000000000000002
"[3, 3, 0, 0, 0]",5,5,12,0.2,0.48,0.7058823529411765,1.411764705882353,0.27999999999999997
"[4, 3, 9, 0]",4,3,8,0.12,0.32,0.7272727272727273,1.4545454545454546,0.2
"[4, 3, 0, 4, 0]",5,4,11,0.16,0.44,0.7333333333333333,1.4666666666666666,0.28
"[2, 9, 9, 0]",4,7,2,0.28,0.08,0.2222222222222222,0.4444444444444444,-0.2
"[4, 0, 0, 4, 9]",5,10,15,0.4,0.6,0.6,1.2,0.19999999999999996
"[3, 4, 3, 3]",4,1,7,0.04,0.28,0.875,1.75,0.24000000000000002
"[9, 9, 2, 0]",4,5,1,0.2,0.04,0.16666666666666666,0.3333333333333333,-0.16
"[4, 0, 3, 3, 10]",5,1,6,0.04,0.24,0.8571428571428571,1.7142857142857142,0.19999999999999998
"[4, 4, 0, 0, 3]",5,3,7,0.12,0.28,0.7,1.4,0.16000000000000003
"[4, 4, 9, 4]",4,8,9,0.32,0.36,0.5294117647058824,1.0588235294117647,0.03999999999999998
"[9, 0, 0, 9, 9]",5,11,4,0.44,0.16,0.26666666666666666,0.5333333333333333,-0.28
"[9, 0, 9, 0, 4]",5,6,4,0.24,0.16,0.4,0.8,-0.07999999999999999
"[9, 0, 0]",3,23,13,0.92,0.52,0.3611111111111111,0.7222222222222222,-0.4
"[9, 0, 9, 4, 10]",5,7,3,0.28,0.12,0.3,0.6,-0.16000000000000003
"[4, 4, 3, 0, 4]",5,3,10,0.12,0.4,0.7692307692307693,1.5384615384615385,0.28
"[4, 3, 3, 0, 3]",5,1,5,0.04,0.2,0.8333333333333334,1.6666666666666667,0.16
"[9, 0, 3, 9, 10]",5,7,4,0.28,0.16,0.36363636363636365,0.7272727272727273,-0.12000000000000002
"[9, 2, 0, 2]",4,9,1,0.36,0.04,0.1,0.2,-0.32
"[0, 3, 0, 9, 10]",5,11,11,0.44,0.44,0.5,1.0,0.0
"[9, 3, 10]",3,8,5,0.32,0.2,0.38461538461538464,0.7692307692307693,-0.12
"[0, 9, 3, 0, 10]",5,5,4,0.2,0.16,0.4444444444444444,0.8888888888888888,-0.04000000000000001
"[4, 4, 3, 4, 10]",5,4,7,0.16,0.28,0.6363636363636364,1.2727272727272727,0.12000000000000002
"[4, 3, 4, 4, 3]",5,1,6,0.04,0.24,0.8571428571428571,1.7142857142857142,0.19999999999999998
"[3, 0, 9, 10]",4,12,14,0.48,0.56,0.5384615384615384,1.0769230769230769,0.08000000000000007
"[2, 9, 9, 0, 9]",5,6,2,0.24,0.08,0.25,0.5,-0.15999999999999998
"[2, 2, 0, 2]",4,9,3,0.36,0.12,0.25,0.5,-0.24
"[9, 3, 0, 10]",4,8,5,0.32,0.2,0.38461538461538464,0.7692307692307693,-0.12
"[0, 4, 3, 0, 0]",5,6,10,0.24,0.4,0.625,1.25,0.16000000000000003
"[0, 0, 9, 3, 4]",5,5,1,0.2,0.04,0.16666666666666666,0.3333333333333333,-0.16
"[0, 9, 9, 0, 9]",5,9,2,0.36,0.08,0.18181818181818182,0.36363636363636365,-0.27999999999999997
"[4, 3, 4, 0, 10]",5,5,8,0.2,0.32,0.6153846153846154,1.2307692307692308,0.12
"[0, 4, 4, 0, 3]",5,3,8,0.12,0.32,0.7272727272727273,1.4545454545454546,0.2
"[4, 0, 3, 3, 0]",5,1,8,0.04,0.32,0.8888888888888888,1.7777777777777777,0.28
"[2, 2, 0, 0, 2]",5,9,3,0.36,0.12,0.25,0.5,-0.24
"[0, 3, 3, 3, 9]",5,3,6,0.12,0.24,0.6666666666666666,1.3333333333333333,0.12
"[3, 3, 0, 3, 0]",5,4,7,0.16,0.28,0.6363636363636364,1.2727272727272727,0.12000000000000002
"[0, 3, 9, 9, 10]",5,5,5,0.2,0.2,0.5,1.0,0.0
"[3, 0, 0, 4, 9]",5,6,12,0.24,0.48,0.6666666666666666,1.3333333333333333,0.24
"[9, 2, 0, 2, 10]",5,8,1,0.32,0.04,0.1111111111111111,0.2222222222222222,-0.28
"[4, 4, 0, 3, 3]",5,1,7,0.04,0.28,0.875,1.75,0.24000000000000002
"[0, 0, 4, 3]",4,8,9,0.32,0.36,0.5294117647058824,1.0588235294117647,0.03999999999999998
"[0, 2, 9, 0, 10]",5,5,5,0.2,0.2,0.5,1.0,0.0
"[4, 4, 0, 4, 4]",5,9,14,0.36,0.56,0.6086956521739131,1.2173913043478262,0.20000000000000007
"[9, 2, 2, 2]",4,8,1,0.32,0.04,0.1111111111111111,0.2222222222222222,-0.28
"[3, 3, 0, 0, 3]",5,4,5,0.16,0.2,0.5555555555555556,1.1111111111111112,0.04000000000000001
"[9, 0, 2, 9]",4,10,1,0.4,0.04,0.09090909090909091,0.18181818181818182,-0.36000000000000004
"[0, 3, 0, 9, 0]",5,5,7,0.2,0.28,0.5833333333333334,1.1666666666666667,0.08000000000000002
"[4, 3, 9, 4, 10]",5,3,5,0.12,0.2,0.625,1.25,0.08000000000000002
"[9, 3, 0]",3,9,6,0.36,0.24,0.4,0.8,-0.12
"[0, 9, 3, 0, 0]",5,5,3,0.2,0.12,0.375,0.75,-0.08000000000000002
"[4, 4, 3, 4, 0]",5,4,10,0.16,0.4,0.7142857142857143,1.4285714285714286,0.24000000000000002
"[4, 4, 3, 3, 4]",5,1,6,0.04,0.24,0.8571428571428571,1.7142857142857142,0.19999999999999998
"[4, 3, 3, 3, 3]",5,1,7,0.04,0.28,0.875,1.75,0.24000000000000002
"[0, 0, 0, 10]",4,23,17,0.92,0.68,0.425,0.85,-0.24
"[4, 3, 4, 9]",4,5,11,0.2,0.44,0.6875,1.375,0.24
"[0, 0, 9]",3,24,20,0.96,0.8,0.45454545454545453,0.9090909090909091,-0.15999999999999992
"[9, 0, 3, 0, 9]",5,7,4,0.28,0.16,0.36363636363636365,0.7272727272727273,-0.12000000000000002
"[4, 0, 4, 0, 4]",5,10,14,0.4,0.56,0.5833333333333334,1.1666666666666667,0.16000000000000003
"[0, 4, 9, 0, 10]",5,10,7,0.4,0.28,0.4117647058823529,0.8235294117647058,-0.12
"[4, 0, 0, 9, 4]",5,9,10,0.36,0.4,0.5263157894736842,1.0526315789473684,0.040000000000000036
"[4, 3, 4, 0, 0]",5,4,11,0.16,0.44,0.7333333333333333,1.4666666666666666,0.28
"[0, 4, 0, 10]",4,14,13,0.56,0.52,0.48148148148148145,0.9629629629629629,-0.040000000000000036
"[9, 3, 3, 10]",4,2,5,0.08,0.2,0.7142857142857143,1.4285714285714286,0.12000000000000001
"[2, 2, 2]",3,9,4,0.36,0.16,0.3076923076923077,0.6153846153846154,-0.19999999999999998
"[0, 9, 0, 9, 9]",5,9,2,0.36,0.08,0.18181818181818182,0.36363636363636365,-0.27999999999999997
"[0, 0, 9, 9, 10]",5,16,12,0.64,0.48,0.42857142857142855,0.8571428571428571,-0.16000000000000003
"[3, 9, 0, 0, 4]",5,4,6,0.16,0.24,0.6,1.2,0.07999999999999999
"[0, 0, 0, 0, 3]",5,11,10,0.44,0.4,0.47619047619047616,0.9523809523809523,-0.03999999999999998
"[4, 9, 0, 4, 4]",5,9,8,0.36,0.32,0.47058823529411764,0.9411764705882353,-0.03999999999999998
"[0, 4, 4, 3, 3]",5,1,7,0.04,0.28,0.875,1.75,0.24000000000000002
"[9, 2, 0, 2, 0]",5,7,1,0.28,0.04,0.125,0.25,-0.24000000000000002
"[4, 4, 4, 0, 9]",5,10,16,0.4,0.64,0.6153846153846154,1.2307692307692308,0.24
"[0, 9, 9, 4, 10]",5,6,1,0.24,0.04,0.14285714285714285,0.2857142857142857,-0.19999999999999998
"[0, 2, 9, 0, 0]",5,6,5,0.24,0.2,0.45454545454545453,0.9090909090909091,-0.03999999999999998
"[9, 4, 9, 0, 10]",5,5,2,0.2,0.08,0.2857142857142857,0.5714285714285714,-0.12000000000000001
"[4, 3, 9, 4, 0]",5,3,8,0.12,0.32,0.7272727272727273,1.4545454545454546,0.2
"[4, 0, 9, 4, 9]",5,9,9,0.36,0.36,0.5,1.0,0.0
"[4, 0, 3, 3, 3]",5,1,6,0.04,0.24,0.8571428571428571,1.7142857142857142,0.19999999999999998
"[3, 3, 0, 3, 3]",5,2,6,0.08,0.24,0.75,1.5,0.15999999999999998
"[0, 0, 0, 0]",4,25,21,1.0,0.84,0.45652173913043476,0.9130434782608695,-0.16000000000000003
"[9, 0, 0, 0, 2]",5,10,1,0.4,0.04,0.09090909090909091,0.18181818181818182,-0.36000000000000004
"[0, 9, 3, 3, 0]",5,2,5,0.08,0.2,0.7142857142857143,1.4285714285714286,0.12000000000000001
"[9, 4, 0, 4, 0]",5,10,8,0.4,0.32,0.4444444444444444,0.8888888888888888,-0.08000000000000002
"[9, 2]",2,10,1,0.4,0.04,0.09090909090909091,0.18181818181818182,-0.36000000000000004
"[9, 9, 2, 9, 10]",5,5,1,0.2,0.04,0.16666666666666666,0.3333333333333333,-0.16
"[0, 3, 9]",3,11,13,0.44,0.52,0.5416666666666666,1.0833333333333333,0.08000000000000002
"[9, 9, 0, 9]",4,14,4,0.56,0.16,0.2222222222222222,0.4444444444444444,-0.4
"[3, 0, 0]",3,11,15,0.44,0.6,0.5769230769230769,1.1538461538461537,0.15999999999999998
"[4, 0, 4, 3, 4]",5,3,9,0.12,0.36,0.75,1.5,0.24
"[0, 4, 10]",3,14,13,0.56,0.52,0.48148148148148145,0.9629629629629629,-0.040000000000000036
"[0, 0, 9, 9, 0]",5,10,4,0.4,0.16,0.2857142857142857,0.5714285714285714,-0.24000000000000002
"[0, 3, 0, 4, 10]",5,6,7,0.24,0.28,0.5384615384615384,1.0769230769230769,0.040000000000000036
"[3, 0, 3, 9]",4,5,7,0.2,0.28,0.5833333333333334,1.1666666666666667,0.08000000000000002
"[0, 2, 9, 10]",4,9,5,0.36,0.2,0.35714285714285715,0.7142857142857143,-0.15999999999999998
"[9, 4, 9, 0, 0]",5,6,4,0.24,0.16,0.4,0.8,-0.07999999999999999
"[2, 9, 9]",3,9,6,0.36,0.24,0.4,0.8,-0.12
"[3, 0, 0, 3]",4,5,8,0.2,0.32,0.6153846153846154,1.2307692307692308,0.12
"[0, 3, 0, 9]",4,11,13,0.44,0.52,0.5416666666666666,1.0833333333333333,0.08000000000000002
"[2, 0, 0, 2, 10]",5,9,3,0.36,0.12,0.25,0.5,-0.24
"[0, 3, 4, 0, 9]",5,7,9,0.28,0.36,0.5625,1.125,0.07999999999999996
"[4, 3, 4, 0, 3]",5,1,5,0.04,0.2,0.8333333333333334,1.6666666666666667,0.16
"[4, 4, 4, 3, 9]",5,4,12,0.16,0.48,0.75,1.5,0.31999999999999995
"[9, 9, 0, 4, 0]",5,6,2,0.24,0.08,0.25,0.5,-0.15999999999999998
"[3, 3, 3, 10]",4,4,6,0.16,0.24,0.6,1.2,0.07999999999999999
"[2, 2, 9, 0, 2]",5,6,1,0.24,0.04,0.14285714285714285,0.2857142857142857,-0.19999999999999998
"[4, 4, 4, 4, 10]",5,9,12,0.36,0.48,0.5714285714285714,1.1428571428571428,0.12
"[3, 3, 4, 0, 9]",5,3,9,0.12,0.36,0.75,1.5,0.24
"[3, 3, 0, 9, 9]",5,3,5,0.12,0.2,0.625,1.25,0.08000000000000002
"[9, 4, 4, 9, 10]",5,11,9,0.44,0.36,0.45,0.9,-0.08000000000000002
"[9, 4, 4, 4]",4,10,11,0.4,0.44,0.5238095238095238,1.0476190476190477,0.03999999999999998
"[9, 3, 4, 0, 9]",5,5,1,0.2,0.04,0.16666666666666666,0.3333333333333333,-0.16
"[0, 0, 2, 0, 2]",5,8,3,0.32,0.12,0.2727272727272727,0.5454545454545454,-0.2
"[4, 3, 3, 9, 4]",5,1,5,0.04,0.2,0.8333333333333334,1.6666666666666667,0.16
"[0, 3, 9, 4, 9]",5,5,7,0.2,0.28,0.5833333333333334,1.1666666666666667,0.08000000000000002
"[0, 4, 0]",3,15,17,0.6,0.68,0.53125,1.0625,0.08000000000000007
"[0, 3, 0, 4, 0]",5,6,9,0.24,0.36,0.6,1.2,0.12
"[0, 9, 9, 10]",4,17,12,0.68,0.48,0.41379310344827586,0.8275862068965517,-0.20000000000000007
"[3, 3, 9, 4, 9]",5,3,6,0.12,0.24,0.6666666666666666,1.3333333333333333,0.12
"[9, 9, 9]",3,14,4,0.56,0.16,0.2222222222222222,0.4444444444444444,-0.4
"[4, 9, 4, 0, 4]",5,9,8,0.36,0.32,0.47058823529411764,0.9411764705882353,-0.03999999999999998
"[0, 0, 0, 3]",4,13,11,0.52,0.44,0.4583333333333333,0.9166666666666666,-0.08000000000000002
"[4, 4, 9, 9, 10]",5,9,6,0.36,0.24,0.4,0.8,-0.12
"[3, 3, 0]",3,6,15,0.24,0.6,0.7142857142857143,1.4285714285714286,0.36
"[0, 0, 3, 0, 4]",5,6,6,0.24,0.24,0.5,1.0,0.0
"[3, 4, 4, 0, 4]",5,4,12,0.16,0.48,0.75,1.5,0.31999999999999995
